{"RRE": {"mu": 0.15683154857497564, "sd": 0.002746187392730043}, "ACC": {"mu": 0.8450000000000001, "sd": 0.01695582495781321}, "NMI": {"mu": 0.9325695477763674, "sd": 0.00633344677705362}}