{
    "RRE": 0.18364380300045013,
    "ACC": 0.8125,
    "NMI": 0.9154273454420901
}