{
    "RRE": 0.21077122468935178,
    "ACC": 0.30991735537190085,
    "NMI": 0.4420511675460542
}