{"RRE": {"mu": 0.16268224842223877, "sd": 0.0025380914610089182}, "ACC": {"mu": 0.8175000000000001, "sd": 0.023184046238739257}, "NMI": {"mu": 0.9165883392731999, "sd": 0.011207003986138409}}