{
    "RRE": 0.18517033755779266,
    "ACC": 0.8,
    "NMI": 0.9098604783799886
}