{"RRE": {"mu": 0.15890635550022125, "sd": 0.002389855682849884}, "ACC": {"mu": 0.8125, "sd": 0.03259601202601325}, "NMI": {"mu": 0.9117337860901731, "sd": 0.01810781352497727}}