{"RRE": {"mu": 0.21928521990776062, "sd": 0.0021038122940808535}, "ACC": {"mu": 0.2929040780382062, "sd": 0.004407645247609073}, "NMI": {"mu": 0.4218548740024607, "sd": 0.015515403686832857}}