{
    "RRE": 0.20576954705762343,
    "ACC": 0.30991735537190085,
    "NMI": 0.4306353147707419
}