{
    "RRE": 0.21069268882274628,
    "ACC": 0.2727272727272727,
    "NMI": 0.40168182777274536
}