{"RRE": {"mu": 0.20957695903854873, "sd": 0.0021392362385743036}, "ACC": {"mu": 0.31187847175179517, "sd": 0.008343805912628122}, "NMI": {"mu": 0.4384645356416126, "sd": 0.005546043817952609}}