{
    "RRE": 0.2047031296292058,
    "ACC": 0.2889344262295082,
    "NMI": 0.43585718258134026
}