{
    "RRE": 0.15503582313700465,
    "ACC": 0.8625,
    "NMI": 0.941963551096372
}