{
    "RRE": 0.15157096212338428,
    "ACC": 0.775,
    "NMI": 0.8862861429443358
}