{"RRE": {"mu": 0.21472402767054302, "sd": 0.0027462213182583494}, "ACC": {"mu": 0.299546131960439, "sd": 0.02388787891720658}, "NMI": {"mu": 0.42025288439600816, "sd": 0.024485139605961284}}