{"RRE": {"mu": 0.2129331007356289, "sd": 0.0027199600715765984}, "ACC": {"mu": 0.29252133857200924, "sd": 0.015974683477408012}, "NMI": {"mu": 0.42002693865040347, "sd": 0.020237970182824694}}