{
    "RRE": 0.15200939334055233,
    "ACC": 0.775,
    "NMI": 0.9022483743194344
}