{
    "RRE": 0.15369335321065367,
    "ACC": 0.8125,
    "NMI": 0.9197405298121714
}