{
    "RRE": 0.21402151882648468,
    "ACC": 0.3285123966942149,
    "NMI": 0.4302583698212954
}