{
    "RRE": 0.21122650434473136,
    "ACC": 0.2871900826446281,
    "NMI": 0.404286103186215
}