{
    "RRE": 0.15263285304370522,
    "ACC": 0.8,
    "NMI": 0.9207233074647458
}