{
    "RRE": 0.14946748544371133,
    "ACC": 0.75,
    "NMI": 0.8867983949681741
}