{
    "RRE": 0.17061235010623932,
    "ACC": 0.7625,
    "NMI": 0.8782800690185646
}