{
    "RRE": 0.1719633787870407,
    "ACC": 0.775,
    "NMI": 0.9035194903241441
}