{
    "RRE": 0.17637951259546933,
    "ACC": 0.825,
    "NMI": 0.9226066664351302
}