{
    "RRE": 0.2256164401769638,
    "ACC": 0.29338842975206614,
    "NMI": 0.4033629604120411
}