{"RRE": {"mu": 0.19308266043663025, "sd": 0.003363354131579399}, "ACC": {"mu": 0.7875, "sd": 0.028504385627478472}, "NMI": {"mu": 0.8992927194963798, "sd": 0.015249925849845056}}