{
    "RRE": 0.16858652448722206,
    "ACC": 0.7875,
    "NMI": 0.9083794839343926
}