{
    "RRE": 0.22422975301742554,
    "ACC": 0.2930327868852459,
    "NMI": 0.41899106743709646
}