{
    "RRE": 0.1592759865372871,
    "ACC": 0.8,
    "NMI": 0.915706656839
}