{"RRE": {"mu": 0.17616865038871765, "sd": 0.002583986846730113}, "ACC": {"mu": 0.7875, "sd": 0.040311288741492736}, "NMI": {"mu": 0.902101815383754, "sd": 0.021609084989393575}}