{"RRE": {"mu": 0.15419715539864498, "sd": 0.0012571700031774446}, "ACC": {"mu": 0.8125, "sd": 0.04107919181288743}, "NMI": {"mu": 0.9133803134165592, "sd": 0.018839944456755974}}