{
    "RRE": 0.1537478867038508,
    "ACC": 0.8,
    "NMI": 0.9054997199704582
}