{
    "RRE": 0.14886121613774655,
    "ACC": 0.8,
    "NMI": 0.9163192710839724
}