{"RRE": {"mu": 0.17486974596977234, "sd": 0.002817505272105336}, "ACC": {"mu": 0.7825, "sd": 0.026925824035672518}, "NMI": {"mu": 0.9004074000759468, "sd": 0.010955852624455753}}