{
    "RRE": 0.152857299176036,
    "ACC": 0.825,
    "NMI": 0.9260687729592736
}