{
    "RRE": 0.16127213206292026,
    "ACC": 0.8125,
    "NMI": 0.9147954395684785
}