{"RRE": {"mu": 0.15769580006599426, "sd": 0.0021801828406751156}, "ACC": {"mu": 0.8125, "sd": 0.02091650066335188}, "NMI": {"mu": 0.9110242141864623, "sd": 0.013789555815990106}}