{
    "RRE": 0.25365081429481506,
    "ACC": 0.2892561983471074,
    "NMI": 0.39261983521404753
}