{
    "RRE": 0.20913684368133545,
    "ACC": 0.28512396694214875,
    "NMI": 0.4222634932235474
}