{"RRE": {"mu": 0.15626205934665738, "sd": 0.0012975529712912304}, "ACC": {"mu": 0.8025, "sd": 0.02150581316760657}, "NMI": {"mu": 0.9130437504809287, "sd": 0.013287028749536734}}