{
    "RRE": 0.15847930774154323,
    "ACC": 0.825,
    "NMI": 0.9259208396360397
}