{
    "RRE": 0.17733405530452728,
    "ACC": 0.7375,
    "NMI": 0.8766994673040994
}