{
    "RRE": 0.2215733379125595,
    "ACC": 0.27892561983471076,
    "NMI": 0.4257958463694177
}