{
    "RRE": 0.23689016699790955,
    "ACC": 0.29338842975206614,
    "NMI": 0.4063932334473247
}