{
    "RRE": 0.2148369307023264,
    "ACC": 0.29545454545454547,
    "NMI": 0.4050997579781904
}