{
    "RRE": 0.1505797803401947,
    "ACC": 0.75,
    "NMI": 0.8786337656549141
}