{
    "RRE": 0.15539845144913647,
    "ACC": 0.85,
    "NMI": 0.9332560586020752
}