{
    "RRE": 0.16925057768821716,
    "ACC": 0.825,
    "NMI": 0.931164285378699
}