{
    "RRE": 0.21870626509189606,
    "ACC": 0.29958677685950413,
    "NMI": 0.4278563807161218
}