{
    "RRE": 0.1504890822688143,
    "ACC": 0.7875,
    "NMI": 0.9005085308757711
}