{
    "RRE": 0.16231445481616505,
    "ACC": 0.8125,
    "NMI": 0.9082783839961743
}