{
    "RRE": 0.24972744286060333,
    "ACC": 0.30327868852459017,
    "NMI": 0.4378493942863683
}