{
    "RRE": 0.15343739878413695,
    "ACC": 0.7875,
    "NMI": 0.9102322812137649
}