{"RRE": {"mu": 0.15284316607474896, "sd": 0.0025892409409292213}, "ACC": {"mu": 0.825, "sd": 0.0223606797749979}, "NMI": {"mu": 0.9222558850584927, "sd": 0.010694368980746712}}