{
    "RRE": 0.16087386012077332,
    "ACC": 0.825,
    "NMI": 0.9232780397759193
}