{
    "RRE": 0.1628128373272444,
    "ACC": 0.775,
    "NMI": 0.9067220228688655
}