{
    "RRE": 0.15897535167313342,
    "ACC": 0.825,
    "NMI": 0.9171057084573196
}