{
    "RRE": 0.21547239154072995,
    "ACC": 0.305327868852459,
    "NMI": 0.4170825503315836
}