{
    "RRE": 0.21116440888666452,
    "ACC": 0.29918032786885246,
    "NMI": 0.401362361088332
}