{
    "RRE": 0.2108885558632504,
    "ACC": 0.29958677685950413,
    "NMI": 0.42267433313755726
}