{"RRE": {"mu": 0.21054999327779528, "sd": 0.0022233913556400334}, "ACC": {"mu": 0.30408819943097143, "sd": 0.017177915034093466}, "NMI": {"mu": 0.4357341196525161, "sd": 0.01101727038568719}}