{
    "RRE": 0.1747131065432217,
    "ACC": 0.8375,
    "NMI": 0.9277256563485501
}