{
    "RRE": 0.14823200779124684,
    "ACC": 0.8125,
    "NMI": 0.9165679145817426
}