{
    "RRE": 0.1518900841474533,
    "ACC": 0.8,
    "NMI": 0.9085988203341101
}