{
    "RRE": 0.15910238563685353,
    "ACC": 0.8125,
    "NMI": 0.9120015622535739
}