{
    "RRE": 0.15892806315848074,
    "ACC": 0.8125,
    "NMI": 0.9136261213131386
}