{
    "RRE": 0.21698335200136964,
    "ACC": 0.2809917355371901,
    "NMI": 0.3868601994815216
}