{"RRE": {"mu": 0.15059438347816467, "sd": 0.0020428472198545933}, "ACC": {"mu": 0.8125, "sd": 0.013693063937629145}, "NMI": {"mu": 0.91655953839975, "sd": 0.004914208369276359}}