{
    "RRE": 0.2211739613268329,
    "ACC": 0.29958677685950413,
    "NMI": 0.41758459850844787
}