{
    "RRE": 0.2175897154990906,
    "ACC": 0.2706611570247934,
    "NMI": 0.40533671507106783
}