{
    "RRE": 0.2062382816291044,
    "ACC": 0.3140495867768595,
    "NMI": 0.4459666202707645
}