{
    "RRE": 0.2087744827081498,
    "ACC": 0.2930327868852459,
    "NMI": 0.4152602859533364
}