{
    "RRE": 0.2142653912305832,
    "ACC": 0.26229508196721313,
    "NMI": 0.4051917501419636
}