{
    "RRE": 0.15849147221590082,
    "ACC": 0.775,
    "NMI": 0.8959752711959028
}