{
    "RRE": 0.17004524171352386,
    "ACC": 0.7875,
    "NMI": 0.8995232379767777
}