{
    "RRE": 0.21083663092522756,
    "ACC": 0.3012295081967213,
    "NMI": 0.4257835845365905
}