{
    "RRE": 0.15163783691633012,
    "ACC": 0.8375,
    "NMI": 0.9281156176500651
}