{
    "RRE": 0.2084570272281947,
    "ACC": 0.3037190082644628,
    "NMI": 0.42307429562859417
}