{
    "RRE": 0.20769340152300966,
    "ACC": 0.28512396694214875,
    "NMI": 0.4264565739165386
}