{
    "RRE": 0.14691893485711732,
    "ACC": 0.7625,
    "NMI": 0.8963591881807724
}