{
    "RRE": 0.14656640589237213,
    "ACC": 0.8375,
    "NMI": 0.9197702890076881
}