{
    "RRE": 0.21614421904087067,
    "ACC": 0.3119834710743802,
    "NMI": 0.45675648146320036
}