{"RRE": {"mu": 0.2139173299074173, "sd": 0.001811909256502986}, "ACC": {"mu": 0.3053007722530823, "sd": 0.013730591813213363}, "NMI": {"mu": 0.4282584473957639, "sd": 0.01973787730116903}}