{"RRE": {"mu": 0.22215966555025393, "sd": 0.00270426862543908}, "ACC": {"mu": 0.3011617666982794, "sd": 0.022204873753260124}, "NMI": {"mu": 0.4195660420144206, "sd": 0.0192040143287041}}