{
    "RRE": 0.2285725325345993,
    "ACC": 0.30578512396694213,
    "NMI": 0.4112482007311893
}