{"RRE": {"mu": 0.15152040868333116, "sd": 0.0013601913222353787}, "ACC": {"mu": 0.8200000000000001, "sd": 0.04301162633521314}, "NMI": {"mu": 0.9174663500886158, "sd": 0.022823014534399652}}