{
    "RRE": 0.14972868369485207,
    "ACC": 0.725,
    "NMI": 0.8747748162507916
}