{
    "RRE": 0.21121199429035187,
    "ACC": 0.3202479338842975,
    "NMI": 0.4302570028123707
}