{
    "RRE": 0.22916530072689056,
    "ACC": 0.2871900826446281,
    "NMI": 0.40307390571662827
}