{"RRE": {"mu": 0.21371562757737078, "sd": 0.002657083942387463}, "ACC": {"mu": 0.2978661427990787, "sd": 0.01743073660084828}, "NMI": {"mu": 0.42311869018069775, "sd": 0.024577666926310967}}