{"RRE": {"mu": 0.21111278235912323, "sd": 0.001997863408178091}, "ACC": {"mu": 0.30733301720634054, "sd": 0.007462392522471865}, "NMI": {"mu": 0.4313627287234256, "sd": 0.010245579064949701}}