{"RRE": {"mu": 0.1696188598871231, "sd": 0.0025101315695792437}, "ACC": {"mu": 0.7975, "sd": 0.03905124837953325}, "NMI": {"mu": 0.9115429524951171, "sd": 0.022426229313130312}}