{
    "RRE": 0.20716366171836853,
    "ACC": 0.29338842975206614,
    "NMI": 0.41338785617600815
}