{
    "RRE": 0.19510333240032196,
    "ACC": 0.825,
    "NMI": 0.9193127811268261
}