{
    "RRE": 0.15982581675052643,
    "ACC": 0.8375,
    "NMI": 0.9254535582336977
}