{
    "RRE": 0.16502128541469574,
    "ACC": 0.7875,
    "NMI": 0.8953297059373968
}