{"RRE": {"mu": 0.16754925978152338, "sd": 0.0024997546854011463}, "ACC": {"mu": 0.79, "sd": 0.014577379737113249}, "NMI": {"mu": 0.9044521165016114, "sd": 0.004251765715866415}}