{
    "RRE": 0.1545777951894318,
    "ACC": 0.8875,
    "NMI": 0.9557527170177883
}