{
    "RRE": 0.1708028866900756,
    "ACC": 0.8625,
    "NMI": 0.9382642188599206
}