{"RRE": {"mu": 0.14983674883842468, "sd": 0.0016641749534755945}, "ACC": {"mu": 0.8074999999999999, "sd": 0.030207614933986427}, "NMI": {"mu": 0.9093245615402831, "sd": 0.016521009280184556}}