{
    "RRE": 0.15854555368423462,
    "ACC": 0.8,
    "NMI": 0.9159021005913334
}