{
    "RRE": 0.17489688416624444,
    "ACC": 0.8625,
    "NMI": 0.9440558786656882
}