{
    "RRE": 0.25277528166770935,
    "ACC": 0.29545454545454547,
    "NMI": 0.41143711942036465
}