{
    "RRE": 0.20913250744342804,
    "ACC": 0.28512396694214875,
    "NMI": 0.40374036430392196
}