{
    "RRE": 0.21646080911159515,
    "ACC": 0.30578512396694213,
    "NMI": 0.4200589781139744
}