{
    "RRE": 0.1713549941778183,
    "ACC": 0.775,
    "NMI": 0.895998960677495
}