{"RRE": {"mu": 0.18307779729366302, "sd": 0.002639842452481389}, "ACC": {"mu": 0.7825, "sd": 0.02573907535246749}, "NMI": {"mu": 0.9021379266035474, "sd": 0.015290936481135158}}