{
    "RRE": 0.2217806614537705,
    "ACC": 0.30785123966942146,
    "NMI": 0.4453342883946188
}