{
    "RRE": 0.15618993970169417,
    "ACC": 0.8,
    "NMI": 0.9114612511216588
}