{
    "RRE": 0.17156392335891724,
    "ACC": 0.75,
    "NMI": 0.8770159120221214
}