{
    "RRE": 0.21309983730316162,
    "ACC": 0.2871900826446281,
    "NMI": 0.4134772916328762
}