{
    "RRE": 0.16978794410523584,
    "ACC": 0.7875,
    "NMI": 0.8976347621316588
}