{"RRE": {"mu": 0.15431910528938242, "sd": 0.002680218585694083}, "ACC": {"mu": 0.8275, "sd": 0.01999999999999998}, "NMI": {"mu": 0.9242622513828416, "sd": 0.01251502728241481}}