{
    "RRE": 0.156777564864431,
    "ACC": 0.8125,
    "NMI": 0.9216202491283828
}