{
    "RRE": 0.22805154168240255,
    "ACC": 0.3140495867768595,
    "NMI": 0.43175007735207704
}