{"RRE": {"mu": 0.21272384933643113, "sd": 0.0035895834985849844}, "ACC": {"mu": 0.306127218534074, "sd": 0.017651887757309484}, "NMI": {"mu": 0.43577660126137374, "sd": 0.016913127938129942}}