{
    "RRE": 0.22158083319664001,
    "ACC": 0.3012295081967213,
    "NMI": 0.41388834492841825
}