{
    "RRE": 0.22874946892261505,
    "ACC": 0.29545454545454547,
    "NMI": 0.42410649011234147
}