{
    "RRE": 0.1669046785309155,
    "ACC": 0.8125,
    "NMI": 0.9257194424100528
}