{"RRE": {"mu": 0.16019211233814565, "sd": 0.0008668261380728104}, "ACC": {"mu": 0.8149999999999998, "sd": 0.03824264635194588}, "NMI": {"mu": 0.9162902310642564, "sd": 0.01879538761873834}}