{
    "RRE": 0.15749948744680536,
    "ACC": 0.875,
    "NMI": 0.9463333660210026
}