{
    "RRE": 0.22798863053321838,
    "ACC": 0.27892561983471076,
    "NMI": 0.397452638380632
}