{
    "RRE": 0.1655481457710266,
    "ACC": 0.7375,
    "NMI": 0.8820516117601395
}