{
    "RRE": 0.22114124532047771,
    "ACC": 0.2725409836065574,
    "NMI": 0.39460720377521946
}