{
    "RRE": 0.21511036966713212,
    "ACC": 0.3037190082644628,
    "NMI": 0.42226674767890215
}