{
    "RRE": 0.2062987915641876,
    "ACC": 0.29132231404958675,
    "NMI": 0.4348470024851186
}