{
    "RRE": 0.15448053485997346,
    "ACC": 0.8625,
    "NMI": 0.9430997635705527
}