{
    "RRE": 0.2052759856339202,
    "ACC": 0.3037190082644628,
    "NMI": 0.42160581139220904
}