{"RRE": {"mu": 0.15786756656543052, "sd": 0.002671452142552134}, "ACC": {"mu": 0.8225, "sd": 0.01658312395177698}, "NMI": {"mu": 0.9221022483176291, "sd": 0.0030709959565168653}}