{
    "RRE": 0.21044264978945715,
    "ACC": 0.3285123966942149,
    "NMI": 0.4814752085231617
}