{
    "RRE": 0.18543122708797455,
    "ACC": 0.8,
    "NMI": 0.9115924442067839
}