{
    "RRE": 0.2153458446264267,
    "ACC": 0.2975206611570248,
    "NMI": 0.4421348841242259
}