{
    "RRE": 0.1515711903396049,
    "ACC": 0.8375,
    "NMI": 0.9299920168189629
}