{
    "RRE": 0.2049843173660227,
    "ACC": 0.305327868852459,
    "NMI": 0.4286135901406841
}