{
    "RRE": 0.2249612529220602,
    "ACC": 0.2768595041322314,
    "NMI": 0.41963733699523265
}