{
    "RRE": 0.19161206483840942,
    "ACC": 0.8375,
    "NMI": 0.9227557014792928
}