{
    "RRE": 0.20719023310528842,
    "ACC": 0.3243801652892562,
    "NMI": 0.4431550288922565
}