{
    "RRE": 0.16091254353523254,
    "ACC": 0.7875,
    "NMI": 0.9082938625618425
}