{
    "RRE": 0.15242798949457634,
    "ACC": 0.7625,
    "NMI": 0.8880623555958307
}