{
    "RRE": 0.23733454942703247,
    "ACC": 0.29545454545454547,
    "NMI": 0.4190821643181161
}