{
    "RRE": 0.20873852401856247,
    "ACC": 0.3243801652892562,
    "NMI": 0.466572104125512
}