{
    "RRE": 0.21979783475399017,
    "ACC": 0.29098360655737704,
    "NMI": 0.40041562257835217
}