{
    "RRE": 0.15525224804878235,
    "ACC": 0.775,
    "NMI": 0.8934585160453682
}