{
    "RRE": 0.22562049329280853,
    "ACC": 0.3037190082644628,
    "NMI": 0.4295447770601131
}