{
    "RRE": 0.2120280466719549,
    "ACC": 0.3037190082644628,
    "NMI": 0.44974820132765425
}