{
    "RRE": 0.2067098944665072,
    "ACC": 0.3285123966942149,
    "NMI": 0.4480070384261121
}