{
    "RRE": 0.20898395776748657,
    "ACC": 0.2766393442622951,
    "NMI": 0.41366184425450114
}