{
    "RRE": 0.22709127616201258,
    "ACC": 0.29132231404958675,
    "NMI": 0.4167205054819836
}