{
    "RRE": 0.15118372440338135,
    "ACC": 0.8125,
    "NMI": 0.9091106456529952
}