{
    "RRE": 0.21448871493339539,
    "ACC": 0.30785123966942146,
    "NMI": 0.41436988780066586
}