{
    "RRE": 0.21655840515785854,
    "ACC": 0.29918032786885246,
    "NMI": 0.41599344977780883
}