{
    "RRE": 0.2212411219061236,
    "ACC": 0.2830578512396694,
    "NMI": 0.4180068013889284
}