{
    "RRE": 0.15327143669128418,
    "ACC": 0.775,
    "NMI": 0.9039487846596618
}