{
    "RRE": 0.21420347690582275,
    "ACC": 0.28512396694214875,
    "NMI": 0.4160062931635626
}