{
    "RRE": 0.16587896645069122,
    "ACC": 0.8125,
    "NMI": 0.918391679072749
}