{
    "RRE": 0.16096481680870056,
    "ACC": 0.8,
    "NMI": 0.9139814375368303
}