{
    "RRE": 0.1510556837410515,
    "ACC": 0.7875,
    "NMI": 0.8939773683883548
}