{
    "RRE": 0.150088592807161,
    "ACC": 0.775,
    "NMI": 0.895803841344993
}