{
    "RRE": 0.22007307000370463,
    "ACC": 0.34297520661157027,
    "NMI": 0.4492582932576914
}