{
    "RRE": 0.2294759601354599,
    "ACC": 0.2892561983471074,
    "NMI": 0.434716380986154
}