{
    "RRE": 0.20598929100009994,
    "ACC": 0.2848360655737705,
    "NMI": 0.42059198585578295
}