{"RRE": {"mu": 0.2270256806620321, "sd": 0.002815103779469231}, "ACC": {"mu": 0.299129521745021, "sd": 0.01243488342667261}, "NMI": {"mu": 0.416611875777358, "sd": 0.009704855337784646}}