{
    "RRE": 0.21437555116877455,
    "ACC": 0.30785123966942146,
    "NMI": 0.4495395028789638
}