{
    "RRE": 0.20821008202155852,
    "ACC": 0.3243801652892562,
    "NMI": 0.4424151188803836
}