{
    "RRE": 0.21296881739774,
    "ACC": 0.30165289256198347,
    "NMI": 0.4452599850096939
}