{
    "RRE": 0.209261934832533,
    "ACC": 0.30578512396694213,
    "NMI": 0.4470695079086187
}