{
    "RRE": 0.18520306050777435,
    "ACC": 0.8125,
    "NMI": 0.9143243040920602
}