{
    "RRE": 0.15919800149134888,
    "ACC": 0.825,
    "NMI": 0.9248483793786836
}