{
    "RRE": 0.16800805572492988,
    "ACC": 0.8125,
    "NMI": 0.9266705087533692
}