{
    "RRE": 0.17458178946240197,
    "ACC": 0.85,
    "NMI": 0.9399543809908314
}