{
    "RRE": 0.21185960123457928,
    "ACC": 0.2766393442622951,
    "NMI": 0.4143400951890111
}