{
    "RRE": 0.1539326207985682,
    "ACC": 0.85,
    "NMI": 0.9329552354359567
}