{
    "RRE": 0.21227435767650604,
    "ACC": 0.2830578512396694,
    "NMI": 0.4265251967127585
}