{
    "RRE": 0.21017001750352313,
    "ACC": 0.32231404958677684,
    "NMI": 0.44332386597024065
}