{
    "RRE": 0.18309563398361206,
    "ACC": 0.825,
    "NMI": 0.9230417568749095
}