{
    "RRE": 0.21186921000480652,
    "ACC": 0.30991735537190085,
    "NMI": 0.41393200500271615
}