{
    "RRE": 0.15947579808513337,
    "ACC": 0.775,
    "NMI": 0.8972972351127587
}