{
    "RRE": 0.2117312892360868,
    "ACC": 0.3119834710743802,
    "NMI": 0.44756162862004845
}