{
    "RRE": 0.16923853754997253,
    "ACC": 0.825,
    "NMI": 0.9300138523223642
}