{
    "RRE": 0.16062140763376262,
    "ACC": 0.8375,
    "NMI": 0.9259208396360399
}