{
    "RRE": 0.2501809298992157,
    "ACC": 0.2889344262295082,
    "NMI": 0.4062856286856788
}