{
    "RRE": 0.2090480798130779,
    "ACC": 0.31611570247933884,
    "NMI": 0.44872352374563623
}