{
    "RRE": 0.16978089353863357,
    "ACC": 0.8625,
    "NMI": 0.9424220173449965
}