{
    "RRE": 0.15761925280094147,
    "ACC": 0.825,
    "NMI": 0.92621848443323
}