{
    "RRE": 0.15383631119733313,
    "ACC": 0.8875,
    "NMI": 0.955294416579012
}