{
    "RRE": 0.23020032473208152,
    "ACC": 0.29958677685950413,
    "NMI": 0.40817704754265216
}