{
    "RRE": 0.15500524837518012,
    "ACC": 0.7875,
    "NMI": 0.9060654428919288
}