{
    "RRE": 0.21418674936030685,
    "ACC": 0.32231404958677684,
    "NMI": 0.4410101883495972
}