{
    "RRE": 0.20716778909764486,
    "ACC": 0.3202479338842975,
    "NMI": 0.44699594538628606
}