{
    "RRE": 0.20997943450869355,
    "ACC": 0.30578512396694213,
    "NMI": 0.4445158173765481
}