{
    "RRE": 0.21480558796934485,
    "ACC": 0.30785123966942146,
    "NMI": 0.4439937019153818
}