{
    "RRE": 0.15706690664510603,
    "ACC": 0.7625,
    "NMI": 0.8945465504124009
}