{
    "RRE": 0.15268970574670807,
    "ACC": 0.8375,
    "NMI": 0.9301676608465755
}