{"RRE": {"mu": 0.15721236169338226, "sd": 0.002013963181525469}, "ACC": {"mu": 0.805, "sd": 0.03499999999999998}, "NMI": {"mu": 0.9084090623114676, "sd": 0.022542404830676266}}