{"RRE": {"mu": 0.2126078758162761, "sd": 0.0021850207284866284}, "ACC": {"mu": 0.31395813575396286, "sd": 0.00804510937992396}, "NMI": {"mu": 0.4462783078967162, "sd": 0.011639941717317713}}