{
    "RRE": 0.1811836212873459,
    "ACC": 0.7875,
    "NMI": 0.891933287849627
}