{
    "RRE": 0.15482498930972272,
    "ACC": 0.825,
    "NMI": 0.9265358078637921
}