{"RRE": {"mu": 0.21284577250480652, "sd": 0.0020739897154271603}, "ACC": {"mu": 0.29990854897710334, "sd": 0.006507433946289121}, "NMI": {"mu": 0.42241307910399095, "sd": 0.011358592427721107}}