{
    "RRE": 0.22535914182662964,
    "ACC": 0.2930327868852459,
    "NMI": 0.4268306252122929
}