{
    "RRE": 0.21076880248271215,
    "ACC": 0.305327868852459,
    "NMI": 0.43173283107462973
}