{
    "RRE": 0.22670909762382507,
    "ACC": 0.29545454545454547,
    "NMI": 0.4067858152919936
}