{
    "RRE": 0.17396843465949643,
    "ACC": 0.825,
    "NMI": 0.9209815895705847
}