{"RRE": {"mu": 0.15178687010165487, "sd": 0.0014788553697493395}, "ACC": {"mu": 0.8125, "sd": 0.028504385627478455}, "NMI": {"mu": 0.9136375061102395, "sd": 0.019293872026974863}}