{"RRE": {"mu": 0.15060648637500662, "sd": 0.0013278946709829806}, "ACC": {"mu": 0.8099999999999999, "sd": 0.05556527692723216}, "NMI": {"mu": 0.9123988793912412, "sd": 0.028055683212737926}}