{
    "RRE": 0.15553894521424014,
    "ACC": 0.8125,
    "NMI": 0.9189234452608437
}