{
    "RRE": 0.21167031335748906,
    "ACC": 0.2892561983471074,
    "NMI": 0.42586134418056987
}