{
    "RRE": 0.218532994389534,
    "ACC": 0.30785123966942146,
    "NMI": 0.4412358022195752
}