{
    "RRE": 0.16355416998398697,
    "ACC": 0.8375,
    "NMI": 0.9277712670020982
}