{
    "RRE": 0.20946696400642395,
    "ACC": 0.30785123966942146,
    "NMI": 0.4239581747889668
}