{
    "RRE": 0.15480889816922574,
    "ACC": 0.75,
    "NMI": 0.8897400917060202
}