{
    "RRE": 0.20874532704217638,
    "ACC": 0.33264462809917356,
    "NMI": 0.47513339421481876
}