{
    "RRE": 0.15180391472064841,
    "ACC": 0.85,
    "NMI": 0.9362960893052251
}