{
    "RRE": 0.2117987424135208,
    "ACC": 0.3119834710743802,
    "NMI": 0.435891948448069
}