{
    "RRE": 0.2178932002466135,
    "ACC": 0.3181818181818182,
    "NMI": 0.44199139591866693
}