{
    "RRE": 0.15442451949433553,
    "ACC": 0.825,
    "NMI": 0.9176359056172542
}