{"RRE": {"mu": 0.20897139643569723, "sd": 0.0034464460611894018}, "ACC": {"mu": 0.31271846633247524, "sd": 0.015536973057877034}, "NMI": {"mu": 0.4424092412283741, "sd": 0.020813933883104947}}