{"RRE": {"mu": 0.20969748497009277, "sd": 0.0016603025142103434}, "ACC": {"mu": 0.288368784717518, "sd": 0.004273860474218391}, "NMI": {"mu": 0.414702979728682, "sd": 0.010733267730782604}}