{
    "RRE": 0.215242639666526,
    "ACC": 0.27479338842975204,
    "NMI": 0.4279553005564479
}