{
    "RRE": 0.21734419465065002,
    "ACC": 0.30165289256198347,
    "NMI": 0.4351146927369344
}