{
    "RRE": 0.22576792234837179,
    "ACC": 0.3037190082644628,
    "NMI": 0.43140647833435974
}