{
    "RRE": 0.21280283024228352,
    "ACC": 0.3181818181818182,
    "NMI": 0.4405188200727814
}