{
    "RRE": 0.16861083470266647,
    "ACC": 0.8375,
    "NMI": 0.9155447972590754
}