{
    "RRE": 0.21621611725596251,
    "ACC": 0.3181818181818182,
    "NMI": 0.44314498288794063
}