{
    "RRE": 0.15194204449653625,
    "ACC": 0.8375,
    "NMI": 0.9205817056781911
}