{
    "RRE": 0.2040768328697165,
    "ACC": 0.29508196721311475,
    "NMI": 0.41843769925371666
}