{
    "RRE": 0.15745936578715994,
    "ACC": 0.7625,
    "NMI": 0.8980870629542599
}