{
    "RRE": 0.22067904472351074,
    "ACC": 0.29958677685950413,
    "NMI": 0.43087763311291216
}