{
    "RRE": 0.22068771269582205,
    "ACC": 0.27459016393442626,
    "NMI": 0.38931350471892057
}