{
    "RRE": 0.21950681507587433,
    "ACC": 0.30991735537190085,
    "NMI": 0.42514234811170154
}