{
    "RRE": 0.18355482816696167,
    "ACC": 0.8,
    "NMI": 0.9091866224550745
}