{
    "RRE": 0.21108705676214976,
    "ACC": 0.27459016393442626,
    "NMI": 0.4038550603522282
}