{
    "RRE": 0.2199418842792511,
    "ACC": 0.2830578512396694,
    "NMI": 0.40924190433939117
}