{
    "RRE": 0.2204279750585556,
    "ACC": 0.29338842975206614,
    "NMI": 0.4096778582773748
}