{
    "RRE": 0.17140672614624358,
    "ACC": 0.85,
    "NMI": 0.9314651686058424
}