{
    "RRE": 0.21556465327739716,
    "ACC": 0.2930327868852459,
    "NMI": 0.42910212935765546
}