{
    "RRE": 0.21716022120309444,
    "ACC": 0.3140495867768595,
    "NMI": 0.439358122115631
}