{
    "RRE": 0.21660545468330383,
    "ACC": 0.29508196721311475,
    "NMI": 0.41856898902429557
}