{
    "RRE": 0.21347948908805847,
    "ACC": 0.28512396694214875,
    "NMI": 0.42325091178037466
}