{
    "RRE": 0.19481340050697327,
    "ACC": 0.8,
    "NMI": 0.9117282666032152
}