{
    "RRE": 0.2149751309682779,
    "ACC": 0.30165289256198347,
    "NMI": 0.39763976700541376
}