{
    "RRE": 0.15843383967876434,
    "ACC": 0.8125,
    "NMI": 0.9102984392451356
}