{
    "RRE": 0.16008666819311052,
    "ACC": 0.825,
    "NMI": 0.9192478517650741
}