{
    "RRE": 0.2218005657196045,
    "ACC": 0.29545454545454547,
    "NMI": 0.4377085384847899
}