{
    "RRE": 0.17492195963859558,
    "ACC": 0.7875,
    "NMI": 0.9092648804635256
}