{
    "RRE": 0.20831017196178436,
    "ACC": 0.29545454545454547,
    "NMI": 0.4292001563969898
}