{
    "RRE": 0.14562501334092212,
    "ACC": 0.8,
    "NMI": 0.9059241969424562
}