{
    "RRE": 0.15114529262556825,
    "ACC": 0.8625,
    "NMI": 0.9373996707536463
}