{
    "RRE": 0.21801325957969916,
    "ACC": 0.2975206611570248,
    "NMI": 0.4293866472210121
}