{
    "RRE": 0.2110818622043631,
    "ACC": 0.3135245901639344,
    "NMI": 0.44229847965453983
}