{"RRE": {"mu": 0.18323403596878052, "sd": 0.0025959457270801067}, "ACC": {"mu": 0.7875, "sd": 0.03872983346207416}, "NMI": {"mu": 0.9032089227193538, "sd": 0.018752131176535864}}