{
    "RRE": 0.16228967905044556,
    "ACC": 0.8375,
    "NMI": 0.9326747449927001
}