{
    "RRE": 0.22935880720615387,
    "ACC": 0.29545454545454547,
    "NMI": 0.41757159684395245
}