{
    "RRE": 0.15588109197554467,
    "ACC": 0.8125,
    "NMI": 0.9053887586115615
}