{
    "RRE": 0.21006523072719574,
    "ACC": 0.29338842975206614,
    "NMI": 0.4202552989018853
}