{
    "RRE": 0.20586864544112565,
    "ACC": 0.3140495867768595,
    "NMI": 0.43423936583552825
}