{"RRE": {"mu": 0.1529694291428525, "sd": 0.001403242644431427}, "ACC": {"mu": 0.8225, "sd": 0.031024184114977156}, "NMI": {"mu": 0.9210095445905541, "sd": 0.014273300846900802}}