{
    "RRE": 0.15275345975606439,
    "ACC": 0.8125,
    "NMI": 0.9061917827776227
}