{
    "RRE": 0.2227193920176493,
    "ACC": 0.30578512396694213,
    "NMI": 0.40737842451009826
}