{
    "RRE": 0.15898464075942928,
    "ACC": 0.85,
    "NMI": 0.94045544855645
}