{
    "RRE": 0.22022405688831972,
    "ACC": 0.305327868852459,
    "NMI": 0.4372966591726182
}