{
    "RRE": 0.2208605408668518,
    "ACC": 0.29338842975206614,
    "NMI": 0.4006714733960866
}