{
    "RRE": 0.21261253952980042,
    "ACC": 0.2892561983471074,
    "NMI": 0.41292937270335306
}