{
    "RRE": 0.21516720538706824,
    "ACC": 0.29098360655737704,
    "NMI": 0.40247583138018805
}