{
    "RRE": 0.21698953211307526,
    "ACC": 0.3119834710743802,
    "NMI": 0.43717357307287896
}