{"RRE": {"mu": 0.21481306850910187, "sd": 0.0020576512906700373}, "ACC": {"mu": 0.29742921013412815, "sd": 0.0074074608382803785}, "NMI": {"mu": 0.4195146965643765, "sd": 0.019047999474731656}}