{
    "RRE": 0.15570320495865356,
    "ACC": 0.8125,
    "NMI": 0.9033257189039343
}