{"RRE": {"mu": 0.21865525841712952, "sd": 0.0024128134828060865}, "ACC": {"mu": 0.2896490990380708, "sd": 0.018014355952140296}, "NMI": {"mu": 0.4163229242234753, "sd": 0.00932064647075129}}