{
    "RRE": 0.20619601011276245,
    "ACC": 0.305327868852459,
    "NMI": 0.4366350180163571
}