{
    "RRE": 0.16530917495196204,
    "ACC": 0.825,
    "NMI": 0.9170816659731418
}