{
    "RRE": 0.2296256273984909,
    "ACC": 0.2871900826446281,
    "NMI": 0.437724682983344
}