{"RRE": {"mu": 0.20733319302092723, "sd": 0.0033306489743488003}, "ACC": {"mu": 0.30899945806801243, "sd": 0.018616777464504713}, "NMI": {"mu": 0.429780107985945, "sd": 0.01861739428126255}}