{
    "RRE": 0.16390981975258728,
    "ACC": 0.8375,
    "NMI": 0.9265546813179334
}