{"RRE": {"mu": 0.23670950531959534, "sd": 0.0020577278919517994}, "ACC": {"mu": 0.2859233166237637, "sd": 0.011776360248252786}, "NMI": {"mu": 0.41032357627095656, "sd": 0.013312323253199415}}