{
    "RRE": 0.21935307530764023,
    "ACC": 0.28512396694214875,
    "NMI": 0.4303075212195112
}