{
    "RRE": 0.18230421841144562,
    "ACC": 0.775,
    "NMI": 0.8919244011561711
}