{
    "RRE": 0.20911715924739838,
    "ACC": 0.305327868852459,
    "NMI": 0.42336598651152046
}