{
    "RRE": 0.15838856995105743,
    "ACC": 0.8,
    "NMI": 0.9052400461998071
}