{
    "RRE": 0.23267091810703278,
    "ACC": 0.2848360655737705,
    "NMI": 0.4042573645401927
}