{
    "RRE": 0.21401917934417725,
    "ACC": 0.31611570247933884,
    "NMI": 0.4461793724940365
}