{
    "RRE": 0.2130619830103197,
    "ACC": 0.3202479338842975,
    "NMI": 0.4600027030154898
}