{
    "RRE": 0.1769501730214905,
    "ACC": 0.8,
    "NMI": 0.8966665960041506
}