{"RRE": {"mu": 0.1702132225036621, "sd": 0.0024118886794894934}, "ACC": {"mu": 0.8125, "sd": 0.03259601202601326}, "NMI": {"mu": 0.9188447995430236, "sd": 0.015041684397860721}}