{
    "RRE": 0.17490865290164948,
    "ACC": 0.8,
    "NMI": 0.9084600940549702
}