{
    "RRE": 0.15470767352876058,
    "ACC": 0.75,
    "NMI": 0.8761890295684904
}