{
    "RRE": 0.214695543050766,
    "ACC": 0.29338842975206614,
    "NMI": 0.43898167520797676
}