{
    "RRE": 0.154292032122612,
    "ACC": 0.8125,
    "NMI": 0.9175397151965637
}