{
    "RRE": 0.21963625184874025,
    "ACC": 0.27479338842975204,
    "NMI": 0.40079259385263466
}