{"RRE": {"mu": 0.21331918239593506, "sd": 0.0019699763506650925}, "ACC": {"mu": 0.29497696789052974, "sd": 0.0066432309171633565}, "NMI": {"mu": 0.4209109184784291, "sd": 0.010088938143964547}}