{
    "RRE": 0.19641689956188202,
    "ACC": 0.7625,
    "NMI": 0.8886796187995882
}