{
    "RRE": 0.2150934877898067,
    "ACC": 0.3409090909090909,
    "NMI": 0.4712315240923428
}