{"RRE": {"mu": 0.21135859903756007, "sd": 0.0035821475545393462}, "ACC": {"mu": 0.29704647066793116, "sd": 0.01763436247224982}, "NMI": {"mu": 0.4316175964609961, "sd": 0.02046542039815042}}