{
    "RRE": 0.21476399898529053,
    "ACC": 0.29958677685950413,
    "NMI": 0.4187841288696109
}