{"RRE": {"mu": 0.22868533432483673, "sd": 0.0018918156856670976}, "ACC": {"mu": 0.29945806801246444, "sd": 0.015879716954350392}, "NMI": {"mu": 0.4205590967153772, "sd": 0.016341186085883374}}