{
    "RRE": 0.21375669677323658,
    "ACC": 0.29338842975206614,
    "NMI": 0.4183566565034445
}