{
    "RRE": 0.15944959223270416,
    "ACC": 0.825,
    "NMI": 0.9219785448946445
}