{
    "RRE": 0.2069782597108336,
    "ACC": 0.30991735537190085,
    "NMI": 0.4478653050337362
}