{
    "RRE": 0.1519419550895691,
    "ACC": 0.8,
    "NMI": 0.9137810772512243
}