{
    "RRE": 0.26598191261291504,
    "ACC": 0.2644628099173554,
    "NMI": 0.3993070327842754
}