{
    "RRE": 0.1593519660762379,
    "ACC": 0.75,
    "NMI": 0.8862859774225041
}