{
    "RRE": 0.15180154621631536,
    "ACC": 0.875,
    "NMI": 0.9472994404671684
}