{"RRE": {"mu": 0.21229914886160536, "sd": 0.003395087193123273}, "ACC": {"mu": 0.3011719279230457, "sd": 0.015361546490744164}, "NMI": {"mu": 0.4336846665434333, "sd": 0.014447040623455584}}