{
    "RRE": 0.16062968969345093,
    "ACC": 0.825,
    "NMI": 0.916966385152659
}