{
    "RRE": 0.15139532089233398,
    "ACC": 0.8375,
    "NMI": 0.9261305946411074
}