{
    "RRE": 0.18536917865276337,
    "ACC": 0.775,
    "NMI": 0.9068104180438114
}