{
    "RRE": 0.2110984982412043,
    "ACC": 0.29508196721311475,
    "NMI": 0.43393374577822225
}