{
    "RRE": 0.2115411497927957,
    "ACC": 0.33264462809917356,
    "NMI": 0.4506381629809741
}