{
    "RRE": 0.15197089193975172,
    "ACC": 0.7375,
    "NMI": 0.8846685632587895
}