{
    "RRE": 0.15322190056033297,
    "ACC": 0.775,
    "NMI": 0.9021731971289179
}