{
    "RRE": 0.209323116580355,
    "ACC": 0.2809917355371901,
    "NMI": 0.4399771015092769
}