{
    "RRE": 0.15238351816120888,
    "ACC": 0.825,
    "NMI": 0.9245691601655981
}