{"RRE": {"mu": 0.21385233104228973, "sd": 0.0019130432046949863}, "ACC": {"mu": 0.30361739601679993, "sd": 0.016736332013016095}, "NMI": {"mu": 0.4243238588511102, "sd": 0.00908768607374655}}