{
    "RRE": 0.26408541202545166,
    "ACC": 0.2809917355371901,
    "NMI": 0.3974119224680923
}