{
    "RRE": 0.15811360986791373,
    "ACC": 0.7625,
    "NMI": 0.8908708064111298
}