{
    "RRE": 0.15531452674993348,
    "ACC": 0.775,
    "NMI": 0.9018323750524145
}