{
    "RRE": 0.2139493319933846,
    "ACC": 0.33884297520661155,
    "NMI": 0.4574724194853588
}