{"RRE": {"mu": 0.20793055117605772, "sd": 0.0034049372429514825}, "ACC": {"mu": 0.30281804633518494, "sd": 0.012619362998646312}, "NMI": {"mu": 0.43132245752649584, "sd": 0.016099016925497974}}