{
    "RRE": 0.15730271073755558,
    "ACC": 0.8625,
    "NMI": 0.9352106830063209
}