{
    "RRE": 0.21087679770710688,
    "ACC": 0.3243801652892562,
    "NMI": 0.45834762372032267
}