{
    "RRE": 0.1486918267823658,
    "ACC": 0.8875,
    "NMI": 0.9524054501628756
}