{
    "RRE": 0.1581433198789052,
    "ACC": 0.8,
    "NMI": 0.9186235262710002
}