{"RRE": {"mu": 0.21933284640828665, "sd": 0.002373243345943044}, "ACC": {"mu": 0.30450480964638943, "sd": 0.015183927080031676}, "NMI": {"mu": 0.4307950489516091, "sd": 0.02093341048473571}}