{
    "RRE": 0.20499034225940704,
    "ACC": 0.29508196721311475,
    "NMI": 0.41966314695681695
}