{
    "RRE": 0.15338110555518258,
    "ACC": 0.7875,
    "NMI": 0.9053899909433815
}