{
    "RRE": 0.21366374828376677,
    "ACC": 0.2727272727272727,
    "NMI": 0.42047594481455836
}