{
    "RRE": 0.20620083802885383,
    "ACC": 0.29132231404958675,
    "NMI": 0.44161583251452463
}