{
    "RRE": 0.21242596641993738,
    "ACC": 0.31611570247933884,
    "NMI": 0.4448564361335215
}