{"RRE": {"mu": 0.1519585102943743, "sd": 0.001237126584770767}, "ACC": {"mu": 0.8150000000000001, "sd": 0.03000000000000002}, "NMI": {"mu": 0.9172198197609074, "sd": 0.013887928854440035}}