{
    "RRE": 0.15841877460479736,
    "ACC": 0.775,
    "NMI": 0.8993022557046914
}