{"RRE": {"mu": 0.15515884391471957, "sd": 0.002595058433282229}, "ACC": {"mu": 0.8350000000000002, "sd": 0.021505813167606566}, "NMI": {"mu": 0.9271301733366147, "sd": 0.008564085756848317}}