{
    "RRE": 0.2078853311062356,
    "ACC": 0.3140495867768595,
    "NMI": 0.4662450879731577
}