{
    "RRE": 0.20951699418376643,
    "ACC": 0.29132231404958675,
    "NMI": 0.4135421630137371
}