{
    "RRE": 0.21165184676647186,
    "ACC": 0.31611570247933884,
    "NMI": 0.4412462237432441
}