{
    "RRE": 0.22172142565250397,
    "ACC": 0.3285123966942149,
    "NMI": 0.45726891099924316
}