{"RRE": {"mu": 0.18124863505363464, "sd": 0.0026381576899439096}, "ACC": {"mu": 0.7975, "sd": 0.021505813167606577}, "NMI": {"mu": 0.9043195546852221, "sd": 0.011488395561564183}}