{"RRE": {"mu": 0.15842948039658908, "sd": 0.0011396385182493615}, "ACC": {"mu": 0.7950000000000002, "sd": 0.02573907535246749}, "NMI": {"mu": 0.9086258736934114, "sd": 0.010791371860492234}}