{"RRE": {"mu": 0.16491239011289052, "sd": 0.0028706521422033025}, "ACC": {"mu": 0.8324999999999999, "sd": 0.026925824035672508}, "NMI": {"mu": 0.927191987499776, "sd": 0.011686937777306486}}