{
    "RRE": 0.17412029206752777,
    "ACC": 0.825,
    "NMI": 0.9157261231976239
}