{
    "RRE": 0.15327431559826393,
    "ACC": 0.8,
    "NMI": 0.9101343133993337
}