{
    "RRE": 0.21099078779255215,
    "ACC": 0.2807377049180328,
    "NMI": 0.3980722521850037
}