{
    "RRE": 0.15950267016887665,
    "ACC": 0.8,
    "NMI": 0.908603512594854
}