{
    "RRE": 0.21591801941394806,
    "ACC": 0.30991735537190085,
    "NMI": 0.40435716764784096
}