{
    "RRE": 0.20796109841986374,
    "ACC": 0.3202479338842975,
    "NMI": 0.4399072683333529
}