{
    "RRE": 0.21358568933994876,
    "ACC": 0.30991735537190085,
    "NMI": 0.42236664025588244
}