{
    "RRE": 0.19577227532863617,
    "ACC": 0.775,
    "NMI": 0.9012423246400874
}