{
    "RRE": 0.15283756037722382,
    "ACC": 0.8375,
    "NMI": 0.9308268346875539
}