{
    "RRE": 0.15539473295211792,
    "ACC": 0.7875,
    "NMI": 0.8992697211943951
}