{
    "RRE": 0.21138879656791687,
    "ACC": 0.29958677685950413,
    "NMI": 0.4278641085444789
}