{
    "RRE": 0.2538883686065674,
    "ACC": 0.29132231404958675,
    "NMI": 0.4153009848929124
}