{
    "RRE": 0.15537231985430253,
    "ACC": 0.8625,
    "NMI": 0.9338454547249817
}