{
    "RRE": 0.17311623692512512,
    "ACC": 0.825,
    "NMI": 0.9239498761015404
}