{
    "RRE": 0.16027943789958954,
    "ACC": 0.8125,
    "NMI": 0.9238684362162505
}