{
    "RRE": 0.2293083228367498,
    "ACC": 0.2766393442622951,
    "NMI": 0.4114678453113764
}