{
    "RRE": 0.18350571393966675,
    "ACC": 0.7875,
    "NMI": 0.9060986023923823
}