{"RRE": {"mu": 0.1940845102071762, "sd": 0.003270637011155486}, "ACC": {"mu": 0.7625, "sd": 0.023717082451262868}, "NMI": {"mu": 0.8930060587727443, "sd": 0.014260980086473226}}