{
    "RRE": 0.2189386636018753,
    "ACC": 0.30578512396694213,
    "NMI": 0.4268092145057722
}