{"RRE": {"mu": 0.2636835277080536, "sd": 0.0018216349417343736}, "ACC": {"mu": 0.2710777672402113, "sd": 0.014743916516190796}, "NMI": {"mu": 0.3983403480045858, "sd": 0.006015932350983342}}