{
    "RRE": 0.19665028154850006,
    "ACC": 0.725,
    "NMI": 0.8695375725753925
}