{
    "RRE": 0.1572631597518921,
    "ACC": 0.8375,
    "NMI": 0.9294687014531718
}