{
    "RRE": 0.20683572413098,
    "ACC": 0.3347107438016529,
    "NMI": 0.42861570264034954
}