{"RRE": {"mu": 0.20916315204429287, "sd": 0.002192493396282967}, "ACC": {"mu": 0.31148895813575395, "sd": 0.008218515177891997}, "NMI": {"mu": 0.4374578688044193, "sd": 0.02034105215736713}}