{
    "RRE": 0.16380237451713317,
    "ACC": 0.8625,
    "NMI": 0.9369178529839688
}