{
    "RRE": 0.1491266469205303,
    "ACC": 0.8,
    "NMI": 0.9187867493000684
}