{
    "RRE": 0.22880278527736664,
    "ACC": 0.30991735537190085,
    "NMI": 0.42152505398836637
}