{
    "RRE": 0.15768571197986603,
    "ACC": 0.8375,
    "NMI": 0.9325351365225553
}