{"RRE": {"mu": 0.15779911494543558, "sd": 0.0008716168044231572}, "ACC": {"mu": 0.8125, "sd": 0.03622844186547361}, "NMI": {"mu": 0.9163312144423083, "sd": 0.017473768761890787}}