{
    "RRE": 0.20794949312160996,
    "ACC": 0.30991735537190085,
    "NMI": 0.45149606421065647
}