{
    "RRE": 0.16512754559516907,
    "ACC": 0.7375,
    "NMI": 0.8757736586682263
}