{
    "RRE": 0.2389204204082489,
    "ACC": 0.30165289256198347,
    "NMI": 0.42052040959594655
}