{
    "RRE": 0.21334075120364465,
    "ACC": 0.3181818181818182,
    "NMI": 0.4380166965684488
}