{
    "RRE": 0.15943185985088348,
    "ACC": 0.7625,
    "NMI": 0.8871493312534674
}