{
    "RRE": 0.2078401108248556,
    "ACC": 0.3305785123966942,
    "NMI": 0.4399120496493797
}