{
    "RRE": 0.17047639191150665,
    "ACC": 0.85,
    "NMI": 0.9275945380266963
}