{
    "RRE": 0.159903883934021,
    "ACC": 0.75,
    "NMI": 0.883522599487422
}