{
    "RRE": 0.22490347092801335,
    "ACC": 0.28688524590163933,
    "NMI": 0.4129536160679483
}