{
    "RRE": 0.21553001626499899,
    "ACC": 0.30785123966942146,
    "NMI": 0.43386899547868507
}