{
    "RRE": 0.15702329383209235,
    "ACC": 0.8125,
    "NMI": 0.9191421439458185
}