{
    "RRE": 0.17872107028961182,
    "ACC": 0.8,
    "NMI": 0.9156820435921863
}