{"RRE": {"mu": 0.16983327269554138, "sd": 0.0023287415970116854}, "ACC": {"mu": 0.7899999999999999, "sd": 0.028939592256975538}, "NMI": {"mu": 0.9079801572070029, "sd": 0.015255166818961368}}