{
    "RRE": 0.152847020359826,
    "ACC": 0.8375,
    "NMI": 0.9359722682204333
}