{
    "RRE": 0.23777760565280914,
    "ACC": 0.2706611570247934,
    "NMI": 0.377717967527093
}