{
    "RRE": 0.1728828763573868,
    "ACC": 0.85,
    "NMI": 0.941335448436397
}