{
    "RRE": 0.17199985682964325,
    "ACC": 0.85,
    "NMI": 0.940158317887193
}