{"RRE": {"mu": 0.21981649100780487, "sd": 0.0017117729876190424}, "ACC": {"mu": 0.2887684595583254, "sd": 0.005033179658276164}, "NMI": {"mu": 0.417003538345415, "sd": 0.01133145809826129}}