{
    "RRE": 0.22635097801685333,
    "ACC": 0.29545454545454547,
    "NMI": 0.4038257190364843
}