{
    "RRE": 0.22964386641979218,
    "ACC": 0.3202479338842975,
    "NMI": 0.4193368266764321
}