{
    "RRE": 0.2136719822883606,
    "ACC": 0.3155737704918033,
    "NMI": 0.42519318831500047
}