{"RRE": {"mu": 0.15916886925697327, "sd": 0.0019503133371472359}, "ACC": {"mu": 0.7975, "sd": 0.025495097567963948}, "NMI": {"mu": 0.9088069818919307, "sd": 0.014589258887984988}}