{
    "RRE": 0.20901400479666052,
    "ACC": 0.3037190082644628,
    "NMI": 0.42090437998986385
}