{
    "RRE": 0.1564058734020899,
    "ACC": 0.7875,
    "NMI": 0.8942550648742127
}