{
    "RRE": 0.20565054267365135,
    "ACC": 0.29508196721311475,
    "NMI": 0.43193138146706944
}