{
    "RRE": 0.15498238801956177,
    "ACC": 0.8125,
    "NMI": 0.9079155960319373
}