{
    "RRE": 0.2117654462546129,
    "ACC": 0.32644628099173556,
    "NMI": 0.4416348003731331
}