{
    "RRE": 0.21918751299381256,
    "ACC": 0.2871900826446281,
    "NMI": 0.4180894123199963
}