{
    "RRE": 0.22871176898479462,
    "ACC": 0.3243801652892562,
    "NMI": 0.42813199831990373
}