{
    "RRE": 0.21304027895135264,
    "ACC": 0.3202479338842975,
    "NMI": 0.44984271163975587
}