{
    "RRE": 0.15743263065814972,
    "ACC": 0.775,
    "NMI": 0.8911082130629542
}