{
    "RRE": 0.14655767381191254,
    "ACC": 0.8,
    "NMI": 0.9150462027500877
}