{
    "RRE": 0.22467618072257473,
    "ACC": 0.29713114754098363,
    "NMI": 0.39335371879799175
}