{
    "RRE": 0.18576547503471375,
    "ACC": 0.8375,
    "NMI": 0.9313928233032435
}