{
    "RRE": 0.15329257796567303,
    "ACC": 0.775,
    "NMI": 0.8979403044625018
}