{
    "RRE": 0.1491691568002208,
    "ACC": 0.75,
    "NMI": 0.884647148649013
}