{
    "RRE": 0.21783608199952936,
    "ACC": 0.2892561983471074,
    "NMI": 0.4106023263070801
}