{
    "RRE": 0.2066831928803869,
    "ACC": 0.32231404958677684,
    "NMI": 0.44556704894783394
}