{
    "RRE": 0.2102098910191736,
    "ACC": 0.32231404958677684,
    "NMI": 0.4433458228491984
}