{
    "RRE": 0.16666823865375194,
    "ACC": 0.85,
    "NMI": 0.9292247204616562
}