{
    "RRE": 0.16210888408748977,
    "ACC": 0.8625,
    "NMI": 0.9503803174932758
}