{
    "RRE": 0.18079236149787903,
    "ACC": 0.825,
    "NMI": 0.9156224344790259
}