{
    "RRE": 0.2159714111866396,
    "ACC": 0.30785123966942146,
    "NMI": 0.4439767946639411
}