{"RRE": {"mu": 0.1503559035642444, "sd": 0.0025139004642391392}, "ACC": {"mu": 0.845, "sd": 0.02806243040080453}, "NMI": {"mu": 0.9303340778272575, "sd": 0.015029959845899245}}