{"RRE": {"mu": 0.15578495640663365, "sd": 0.0010713644152336862}, "ACC": {"mu": 0.7949999999999999, "sd": 0.046502688094345684}, "NMI": {"mu": 0.9099892827229124, "sd": 0.0213950163796488}}