{"RRE": {"mu": 0.1513845702651388, "sd": 0.0012292372057731414}, "ACC": {"mu": 0.8174999999999999, "sd": 0.046502688094345705}, "NMI": {"mu": 0.9194133275798647, "sd": 0.02128809571210729}}