{
    "RRE": 0.18717294931411743,
    "ACC": 0.775,
    "NMI": 0.883091038747366
}