{
    "RRE": 0.16022078097155523,
    "ACC": 0.7875,
    "NMI": 0.9078852688453318
}