{
    "RRE": 0.21718502088251168,
    "ACC": 0.3181818181818182,
    "NMI": 0.447259083435471
}