{
    "RRE": 0.15501546126497803,
    "ACC": 0.85,
    "NMI": 0.9362067768693646
}