{
    "RRE": 0.1543150544166565,
    "ACC": 0.8125,
    "NMI": 0.916962553011193
}