{"RRE": {"mu": 0.2200869619846344, "sd": 0.0016947537660598755}, "ACC": {"mu": 0.2929244004877388, "sd": 0.01848540505315029}, "NMI": {"mu": 0.4114380326819371, "sd": 0.02358821070571161}}