{
    "RRE": 0.15839579701423645,
    "ACC": 0.8125,
    "NMI": 0.9172160366602402
}