{
    "RRE": 0.22784286737442017,
    "ACC": 0.2768595041322314,
    "NMI": 0.4004624825125913
}