{
    "RRE": 0.1531561205099639,
    "ACC": 0.8375,
    "NMI": 0.9316770095775155
}