{"RRE": {"mu": 0.21308646507280335, "sd": 0.002610016815678142}, "ACC": {"mu": 0.2974698550331934, "sd": 0.015349982892338883}, "NMI": {"mu": 0.42181270052023107, "sd": 0.015735013451932223}}