{
    "RRE": 0.20987945795059204,
    "ACC": 0.3037190082644628,
    "NMI": 0.41650107083375865
}