{
    "RRE": 0.15955020487308502,
    "ACC": 0.8125,
    "NMI": 0.9107155580546543
}