{"RRE": {"mu": 0.20857653805550314, "sd": 0.0024330941543470822}, "ACC": {"mu": 0.3106692860046064, "sd": 0.017577651420515216}, "NMI": {"mu": 0.435636776239848, "sd": 0.012209414341767939}}