{
    "RRE": 0.22512918710708618,
    "ACC": 0.32786885245901637,
    "NMI": 0.4314335147589525
}