{
    "RRE": 0.15074650045851484,
    "ACC": 0.7625,
    "NMI": 0.8920973906178
}