{"RRE": {"mu": 0.21837099716281547, "sd": 0.002645569930395527}, "ACC": {"mu": 0.29500406448990646, "sd": 0.016235884903053232}, "NMI": {"mu": 0.41876988377113494, "sd": 0.016247395952894986}}