{
    "RRE": 0.20773470795957602,
    "ACC": 0.3181818181818182,
    "NMI": 0.4316505640255681
}