{
    "RRE": 0.2067114281560644,
    "ACC": 0.2807377049180328,
    "NMI": 0.395990221497703
}