{
    "RRE": 0.17672260105609894,
    "ACC": 0.7625,
    "NMI": 0.9005479261066102
}