{
    "RRE": 0.15113164484500885,
    "ACC": 0.8125,
    "NMI": 0.9155318610086568
}