{
    "RRE": 0.1958807408809662,
    "ACC": 0.7625,
    "NMI": 0.9040996540556009
}