{
    "RRE": 0.15990069857320885,
    "ACC": 0.875,
    "NMI": 0.9393460518986424
}