{"RRE": {"mu": 0.15929949283599854, "sd": 0.002099461853504181}, "ACC": {"mu": 0.79, "sd": 0.025495097567963917}, "NMI": {"mu": 0.9045688210880787, "sd": 0.014291908687656974}}