{
    "RRE": 0.22126484903779106,
    "ACC": 0.30165289256198347,
    "NMI": 0.43902694753899796
}