{
    "RRE": 0.2123511591020014,
    "ACC": 0.3140495867768595,
    "NMI": 0.44049442488111207
}