{
    "RRE": 0.15492965232359127,
    "ACC": 0.7375,
    "NMI": 0.8828356628103279
}