{"RRE": {"mu": 0.1726764910486252, "sd": 0.0025659897496232566}, "ACC": {"mu": 0.825, "sd": 0.032596012026013255}, "NMI": {"mu": 0.9260667163469722, "sd": 0.014382162327737109}}