{
    "RRE": 0.17521296441555023,
    "ACC": 0.85,
    "NMI": 0.9304213540335814
}