{
    "RRE": 0.2088289925983346,
    "ACC": 0.3285123966942149,
    "NMI": 0.47868667812605625
}