{"RRE": {"mu": 0.15172463987117543, "sd": 0.0025128352911080068}, "ACC": {"mu": 0.8299999999999998, "sd": 0.04}, "NMI": {"mu": 0.9269642997551741, "sd": 0.01941081892494534}}