{"RRE": {"mu": 0.2259337604045868, "sd": 0.0023212661035358906}, "ACC": {"mu": 0.29867565370545995, "sd": 0.0049465953548277495}, "NMI": {"mu": 0.41283877593361024, "sd": 0.008895159914637624}}