{
    "RRE": 0.20952175557613373,
    "ACC": 0.2889344262295082,
    "NMI": 0.4309325162843436
}