{
    "RRE": 0.1538549974440147,
    "ACC": 0.8375,
    "NMI": 0.9266388634581799
}