{"RRE": {"mu": 0.22421361923431715, "sd": 0.002601167855332153}, "ACC": {"mu": 0.3065506028993361, "sd": 0.012601313525143982}, "NMI": {"mu": 0.4252613830598976, "sd": 0.008308557111433974}}