{
    "RRE": 0.21439875662326813,
    "ACC": 0.2827868852459016,
    "NMI": 0.38018191122638634
}