{
    "RRE": 0.1516730563537439,
    "ACC": 0.85,
    "NMI": 0.9326319503371577
}