{"RRE": {"mu": 0.17100170254707336, "sd": 0.0025529726408421993}, "ACC": {"mu": 0.8125, "sd": 0.02236067977499788}, "NMI": {"mu": 0.9116342646330727, "sd": 0.01001795627930169}}