{
    "RRE": 0.1561180040517171,
    "ACC": 0.825,
    "NMI": 0.9106006404718002
}