{
    "RRE": 0.22102896526196694,
    "ACC": 0.3119834710743802,
    "NMI": 0.44123324910204703
}