{
    "RRE": 0.16259891649577504,
    "ACC": 0.825,
    "NMI": 0.927911181814928
}