{"RRE": {"mu": 0.15442662039772112, "sd": 0.0013257320640462714}, "ACC": {"mu": 0.8150000000000001, "sd": 0.04286607049870563}, "NMI": {"mu": 0.9160054127134662, "sd": 0.024527317668786942}}