{
    "RRE": 0.21195391608532435,
    "ACC": 0.29545454545454547,
    "NMI": 0.44654715858465743
}