{
    "RRE": 0.15033259554306685,
    "ACC": 0.8,
    "NMI": 0.9168311753212339
}