{
    "RRE": 0.14888744772185003,
    "ACC": 0.825,
    "NMI": 0.921757362384327
}