{
    "RRE": 0.21369481773878574,
    "ACC": 0.2706611570247934,
    "NMI": 0.40304390347216
}