{
    "RRE": 0.21167811556267926,
    "ACC": 0.3140495867768595,
    "NMI": 0.45749801270071183
}