{
    "RRE": 0.21788036823272705,
    "ACC": 0.2975206611570248,
    "NMI": 0.408103135556096
}