{"RRE": {"mu": 0.1671805463751955, "sd": 0.002478485703557943}, "ACC": {"mu": 0.8200000000000001, "sd": 0.026925824035672535}, "NMI": {"mu": 0.9180809689351026, "sd": 0.011509508821336785}}