{"RRE": {"mu": 0.21288812341710495, "sd": 0.0025906664707139385}, "ACC": {"mu": 0.2920640834575261, "sd": 0.012374234034260214}, "NMI": {"mu": 0.42672580645574953, "sd": 0.014551590518677937}}