{"RRE": {"mu": 0.21299272004455636, "sd": 0.0025976798297812197}, "ACC": {"mu": 0.30362755724156615, "sd": 0.008139371490945773}, "NMI": {"mu": 0.42219327020583375, "sd": 0.014535828491174735}}