{
    "RRE": 0.22603255677172618,
    "ACC": 0.3202479338842975,
    "NMI": 0.42074935652729684
}