{
    "RRE": 0.17253917455673218,
    "ACC": 0.775,
    "NMI": 0.890475061759184
}