{
    "RRE": 0.2168838613880548,
    "ACC": 0.2786885245901639,
    "NMI": 0.39629566334729344
}