{
    "RRE": 0.21685917675495148,
    "ACC": 0.2807377049180328,
    "NMI": 0.39334196460605286
}