{
    "RRE": 0.1691049012754893,
    "ACC": 0.8125,
    "NMI": 0.9015555928858364
}