{
    "RRE": 0.23804345726966858,
    "ACC": 0.2830578512396694,
    "NMI": 0.40443890624529283
}