{
    "RRE": 0.21372536287810856,
    "ACC": 0.29958677685950413,
    "NMI": 0.43470169823170923
}