{
    "RRE": 0.15819658504537956,
    "ACC": 0.8125,
    "NMI": 0.921456639440745
}