{
    "RRE": 0.21810714900493622,
    "ACC": 0.31611570247933884,
    "NMI": 0.42796772706019076
}