{
    "RRE": 0.15433576703071594,
    "ACC": 0.8125,
    "NMI": 0.9304603475698952
}