{
    "RRE": 0.15927240252494812,
    "ACC": 0.825,
    "NMI": 0.9125710036242553
}