{
    "RRE": 0.16969279944896698,
    "ACC": 0.7625,
    "NMI": 0.8811771459566582
}