{
    "RRE": 0.15112667732680407,
    "ACC": 0.7875,
    "NMI": 0.902466523549766
}