{
    "RRE": 0.17829886078834534,
    "ACC": 0.7125,
    "NMI": 0.8662939797654352
}