{
    "RRE": 0.207345113158226,
    "ACC": 0.3135245901639344,
    "NMI": 0.441890656497587
}