{
    "RRE": 0.14969167597781954,
    "ACC": 0.8,
    "NMI": 0.9169608288071717
}