{
    "RRE": 0.15210009634767874,
    "ACC": 0.8375,
    "NMI": 0.9277712755206464
}