{
    "RRE": 0.21931371693952273,
    "ACC": 0.30785123966942146,
    "NMI": 0.4255702590654058
}