{
    "RRE": 0.15055850927499037,
    "ACC": 0.7625,
    "NMI": 0.8924518280217881
}