{
    "RRE": 0.15801802277565002,
    "ACC": 0.8125,
    "NMI": 0.9178081781385432
}