{"RRE": {"mu": 0.2139610910768123, "sd": 0.0025893101250702927}, "ACC": {"mu": 0.29747324210811543, "sd": 0.014786117972310265}, "NMI": {"mu": 0.4175805625590262, "sd": 0.01737780096931097}}