{
    "RRE": 0.2182318264604095,
    "ACC": 0.2975206611570248,
    "NMI": 0.4165129027591055
}