{"RRE": {"mu": 0.21250457317273708, "sd": 0.0022814848423828894}, "ACC": {"mu": 0.29623357268662787, "sd": 0.015819982379120856}, "NMI": {"mu": 0.42620558953513454, "sd": 0.016147087342818042}}