{"RRE": {"mu": 0.1576155424118042, "sd": 0.0017232540994882584}, "ACC": {"mu": 0.8025, "sd": 0.01658312395177698}, "NMI": {"mu": 0.9133205173667447, "sd": 0.009042589548298846}}