{
    "RRE": 0.15397632502566616,
    "ACC": 0.775,
    "NMI": 0.8988053683027745
}