{
    "RRE": 0.16176100075244904,
    "ACC": 0.8125,
    "NMI": 0.906941135110228
}