{"RRE": {"mu": 0.20753183687642252, "sd": 0.003370273926488423}, "ACC": {"mu": 0.3053007722530823, "sd": 0.023716640115190403}, "NMI": {"mu": 0.4307979919715327, "sd": 0.019517370022704043}}