{
    "RRE": 0.20776664009173826,
    "ACC": 0.2975206611570248,
    "NMI": 0.4419725533012455
}