{"RRE": {"mu": 0.1696182671401169, "sd": 0.002757331043776141}, "ACC": {"mu": 0.8399999999999999, "sd": 0.02423839928708165}, "NMI": {"mu": 0.9322847304566316, "sd": 0.008014718748581066}}