{
    "RRE": 0.17809991538524628,
    "ACC": 0.7875,
    "NMI": 0.9046104629103021
}