{
    "RRE": 0.21492281556129456,
    "ACC": 0.28512396694214875,
    "NMI": 0.3837236948831723
}