{
    "RRE": 0.2101529337390128,
    "ACC": 0.3140495867768595,
    "NMI": 0.4344131218952096
}