{
    "RRE": 0.20869907896669115,
    "ACC": 0.3409090909090909,
    "NMI": 0.46804568919672473
}