{
    "RRE": 0.15011558618245743,
    "ACC": 0.85,
    "NMI": 0.9298102329709512
}