{
    "RRE": 0.21227081725923463,
    "ACC": 0.3135245901639344,
    "NMI": 0.4170916399204195
}