{
    "RRE": 0.1548867016256462,
    "ACC": 0.8125,
    "NMI": 0.917528792168128
}