{
    "RRE": 0.16748688020697275,
    "ACC": 0.8,
    "NMI": 0.9062563827195802
}