{
    "RRE": 0.1780112236738205,
    "ACC": 0.8,
    "NMI": 0.9106902999667816
}