{
    "RRE": 0.21110814821589433,
    "ACC": 0.30165289256198347,
    "NMI": 0.4031496200169871
}