{
    "RRE": 0.2105985241244597,
    "ACC": 0.32231404958677684,
    "NMI": 0.4397849341006318
}