{
    "RRE": 0.15956871211528778,
    "ACC": 0.8,
    "NMI": 0.9176584880274751
}