{"RRE": {"mu": 0.17289933731236964, "sd": 0.002552099332798561}, "ACC": {"mu": 0.8074999999999999, "sd": 0.018708286933869722}, "NMI": {"mu": 0.9143112360945416, "sd": 0.011675164029133468}}