{
    "RRE": 0.21461400093029542,
    "ACC": 0.29958677685950413,
    "NMI": 0.4043564472141546
}