{
    "RRE": 0.1610818350980936,
    "ACC": 0.8375,
    "NMI": 0.9232902633054797
}