{"RRE": {"mu": 0.15414629627528809, "sd": 0.0012295576468270288}, "ACC": {"mu": 0.8125, "sd": 0.039528470752104757}, "NMI": {"mu": 0.9151524562247456, "sd": 0.01747741169169132}}