{
    "RRE": 0.15091242188263837,
    "ACC": 0.8625,
    "NMI": 0.936037048666754
}