{
    "RRE": 0.16427750509568698,
    "ACC": 0.825,
    "NMI": 0.9303363721920677
}