{
    "RRE": 0.21075185557388224,
    "ACC": 0.31611570247933884,
    "NMI": 0.4607911134950417
}