{"RRE": {"mu": 0.15053178697598618, "sd": 0.0014901098701091472}, "ACC": {"mu": 0.7949999999999999, "sd": 0.025739075352467493}, "NMI": {"mu": 0.9056264061363095, "sd": 0.013921853454489347}}