{
    "RRE": 0.21861517139249353,
    "ACC": 0.30327868852459017,
    "NMI": 0.4134119184809538
}