{
    "RRE": 0.2644234895706177,
    "ACC": 0.29132231404958675,
    "NMI": 0.4075993729445272
}