{
    "RRE": 0.18301494419574738,
    "ACC": 0.7375,
    "NMI": 0.8726705509566287
}