{
    "RRE": 0.21142785251140594,
    "ACC": 0.2809917355371901,
    "NMI": 0.395197904141109
}