{
    "RRE": 0.21220215363218414,
    "ACC": 0.30578512396694213,
    "NMI": 0.45117568733462365
}