{
    "RRE": 0.15122769915310294,
    "ACC": 0.8125,
    "NMI": 0.9188838845972008
}