{"RRE": {"mu": 0.21936257391176536, "sd": 0.0024625500358234015}, "ACC": {"mu": 0.3106523506299959, "sd": 0.01574324520440491}, "NMI": {"mu": 0.43218874911933114, "sd": 0.01704734707541488}}