{
    "RRE": 0.20682270889541537,
    "ACC": 0.3037190082644628,
    "NMI": 0.4343780840162879
}