{
    "RRE": 0.21219380924505488,
    "ACC": 0.3243801652892562,
    "NMI": 0.4371906964292774
}