{
    "RRE": 0.15021565556526184,
    "ACC": 0.825,
    "NMI": 0.9267772726557724
}