{
    "RRE": 0.2138110091379419,
    "ACC": 0.2889344262295082,
    "NMI": 0.41604403532322337
}