{
    "RRE": 0.21061678230762482,
    "ACC": 0.2930327868852459,
    "NMI": 0.40481812206171297
}