{
    "RRE": 0.2540609538555145,
    "ACC": 0.29958677685950413,
    "NMI": 0.42156436066552566
}