{
    "RRE": 0.16925832018725698,
    "ACC": 0.775,
    "NMI": 0.8977237933177237
}