{
    "RRE": 0.23290622234344482,
    "ACC": 0.26639344262295084,
    "NMI": 0.4292633287590931
}