{
    "RRE": 0.2166136558552347,
    "ACC": 0.32231404958677684,
    "NMI": 0.4280075404852442
}