{
    "RRE": 0.2241998314857483,
    "ACC": 0.3094262295081967,
    "NMI": 0.4253281050758207
}