{
    "RRE": 0.20741136372089386,
    "ACC": 0.3135245901639344,
    "NMI": 0.4444472012913416
}