{
    "RRE": 0.1534037721162025,
    "ACC": 0.825,
    "NMI": 0.914820549078584
}