{
    "RRE": 0.15258885330558447,
    "ACC": 0.8625,
    "NMI": 0.9483970147528672
}