{
    "RRE": 0.2105208001394851,
    "ACC": 0.3037190082644628,
    "NMI": 0.4241772097029868
}