{
    "RRE": 0.15317465518134743,
    "ACC": 0.8875,
    "NMI": 0.9493887229128011
}