{"RRE": {"mu": 0.21331962943077087, "sd": 0.0025077909231185913}, "ACC": {"mu": 0.29499729034006233, "sd": 0.015480281235950006}, "NMI": {"mu": 0.415803816322638, "sd": 0.007376513611558469}}