{
    "RRE": 0.17136695981025696,
    "ACC": 0.7875,
    "NMI": 0.8978418021451011
}