{
    "RRE": 0.18327882885932922,
    "ACC": 0.775,
    "NMI": 0.9000623003034204
}