{
    "RRE": 0.17739582061767578,
    "ACC": 0.7875,
    "NMI": 0.9060413742392763
}