{
    "RRE": 0.15106130683618837,
    "ACC": 0.8375,
    "NMI": 0.9308813799150614
}