{
    "RRE": 0.2197670340538025,
    "ACC": 0.2892561983471074,
    "NMI": 0.4059170961271985
}