{
    "RRE": 0.15009560264030555,
    "ACC": 0.875,
    "NMI": 0.948143256499081
}