{
    "RRE": 0.18804997205734253,
    "ACC": 0.7625,
    "NMI": 0.8864918009350522
}