{
    "RRE": 0.21118856966495514,
    "ACC": 0.3181818181818182,
    "NMI": 0.4265714665616894
}