{
    "RRE": 0.15726248478256052,
    "ACC": 0.825,
    "NMI": 0.9090971776011034
}