{
    "RRE": 0.2133089154958725,
    "ACC": 0.2975206611570248,
    "NMI": 0.43188064982910196
}