{
    "RRE": 0.18091538548469543,
    "ACC": 0.7875,
    "NMI": 0.9002359999203919
}