{
    "RRE": 0.20711778104305267,
    "ACC": 0.28688524590163933,
    "NMI": 0.40655878714753646
}