{
    "RRE": 0.15628005636705292,
    "ACC": 0.85,
    "NMI": 0.9306480665287783
}