{
    "RRE": 0.17865139245986938,
    "ACC": 0.8,
    "NMI": 0.9121785278568961
}