{
    "RRE": 0.2264949530363083,
    "ACC": 0.29132231404958675,
    "NMI": 0.42912911651184116
}