{
    "RRE": 0.1771816176541335,
    "ACC": 0.8,
    "NMI": 0.9123626235243836
}