{
    "RRE": 0.14801364233998662,
    "ACC": 0.8875,
    "NMI": 0.9546554106026708
}