{
    "RRE": 0.20513893836313465,
    "ACC": 0.29713114754098363,
    "NMI": 0.4145499228846182
}