{
    "RRE": 0.1829860657453537,
    "ACC": 0.8375,
    "NMI": 0.9223661579540524
}