{
    "RRE": 0.1770935356616974,
    "ACC": 0.7875,
    "NMI": 0.9010593384358683
}