{
    "RRE": 0.15456211642176093,
    "ACC": 0.85,
    "NMI": 0.9392092255236455
}