{
    "RRE": 0.2130182534456253,
    "ACC": 0.31611570247933884,
    "NMI": 0.45012662109926144
}