{
    "RRE": 0.21038409310612766,
    "ACC": 0.29132231404958675,
    "NMI": 0.40702689845646006
}