{
    "RRE": 0.1717682033777237,
    "ACC": 0.8,
    "NMI": 0.9197125837730274
}