{
    "RRE": 0.21438454926998804,
    "ACC": 0.28512396694214875,
    "NMI": 0.409302191913311
}