{"RRE": {"mu": 0.22886736690998077, "sd": 0.001872183522209525}, "ACC": {"mu": 0.29827597886465246, "sd": 0.012535378961704504}, "NMI": {"mu": 0.4210974055655418, "sd": 0.010290170299970713}}