{
    "RRE": 0.1722601056098938,
    "ACC": 0.8,
    "NMI": 0.9051403089205855
}