{
    "RRE": 0.1517938721121677,
    "ACC": 0.7875,
    "NMI": 0.9051912378040465
}