{
    "RRE": 0.15186995034524117,
    "ACC": 0.775,
    "NMI": 0.8938034483486588
}