{
    "RRE": 0.2105550023821321,
    "ACC": 0.3140495867768595,
    "NMI": 0.4259148784765678
}