{"RRE": {"mu": 0.20856817170435055, "sd": 0.00339921651304745}, "ACC": {"mu": 0.3028282075599512, "sd": 0.020058890252961908}, "NMI": {"mu": 0.43411697059624316, "sd": 0.020277495021722238}}