{"RRE": {"mu": 0.1750392263085147, "sd": 0.002743506931376457}, "ACC": {"mu": 0.8149999999999998, "sd": 0.026692695630078287}, "NMI": {"mu": 0.9146653053522023, "sd": 0.017585029426915626}}