{
    "RRE": 0.150638148188591,
    "ACC": 0.8125,
    "NMI": 0.9123308347300456
}