{
    "RRE": 0.1834820806980133,
    "ACC": 0.8,
    "NMI": 0.9142841917139158
}