{
    "RRE": 0.2248488220412774,
    "ACC": 0.29958677685950413,
    "NMI": 0.42428598417058594
}