{"RRE": {"mu": 0.16048956075685, "sd": 0.002930158780444261}, "ACC": {"mu": 0.8350000000000002, "sd": 0.02549509756796393}, "NMI": {"mu": 0.9288702725394675, "sd": 0.020773667339733296}}