{"RRE": {"mu": 0.20989327132701874, "sd": 0.0019329843344166875}, "ACC": {"mu": 0.29908210269611163, "sd": 0.021260376550494755}, "NMI": {"mu": 0.42543511598360223, "sd": 0.013162940775340325}}