{
    "RRE": 0.20895753800868988,
    "ACC": 0.31611570247933884,
    "NMI": 0.44949177068657503
}