{
    "RRE": 0.14705599128190006,
    "ACC": 0.8125,
    "NMI": 0.9150756911048951
}