{
    "RRE": 0.23660904169082642,
    "ACC": 0.2727272727272727,
    "NMI": 0.3869478934668572
}