{
    "RRE": 0.22114349901676178,
    "ACC": 0.27892561983471076,
    "NMI": 0.3958389847832758
}