{
    "RRE": 0.18367880582809448,
    "ACC": 0.8125,
    "NMI": 0.9119283079886644
}