{"RRE": {"mu": 0.2176177203655243, "sd": 0.0017598664853721857}, "ACC": {"mu": 0.3015986993632299, "sd": 0.011405797649990862}, "NMI": {"mu": 0.411841036751329, "sd": 0.02201702284416149}}