{
    "RRE": 0.21786235726494885,
    "ACC": 0.27479338842975204,
    "NMI": 0.40054735949164116
}