{
    "RRE": 0.15415407255327973,
    "ACC": 0.85,
    "NMI": 0.9345791941631704
}