{
    "RRE": 0.2115507226220682,
    "ACC": 0.29098360655737704,
    "NMI": 0.4246828944226565
}