{
    "RRE": 0.15127252299972913,
    "ACC": 0.85,
    "NMI": 0.9306390096023445
}