{
    "RRE": 0.152896448969841,
    "ACC": 0.825,
    "NMI": 0.9256191106861678
}