{"RRE": {"mu": 0.21058979630470276, "sd": 0.0018758404767140746}, "ACC": {"mu": 0.3069197940658447, "sd": 0.014059421203439407}, "NMI": {"mu": 0.42730596003556826, "sd": 0.019854401328814764}}