{
    "RRE": 0.174275230534697,
    "ACC": 0.8375,
    "NMI": 0.9261277756323962
}