{
    "RRE": 0.19179117679595947,
    "ACC": 0.775,
    "NMI": 0.8948852019274153
}