{
    "RRE": 0.15915696322917938,
    "ACC": 0.825,
    "NMI": 0.9194042799446314
}