{
    "RRE": 0.1642190722331562,
    "ACC": 0.8375,
    "NMI": 0.9165437396802769
}