{
    "RRE": 0.20794217807053256,
    "ACC": 0.34297520661157027,
    "NMI": 0.45643129854318987
}