{"RRE": {"mu": 0.1499543228200401, "sd": 0.0012457843981297616}, "ACC": {"mu": 0.8150000000000001, "sd": 0.049623583103198}, "NMI": {"mu": 0.9169258589592445, "sd": 0.024913683788479843}}