{
    "RRE": 0.15744426846504211,
    "ACC": 0.85,
    "NMI": 0.9287825862578559
}