{
    "RRE": 0.2545458972454071,
    "ACC": 0.2871900826446281,
    "NMI": 0.4035455250218035
}