{
    "RRE": 0.2170282440463401,
    "ACC": 0.31611570247933884,
    "NMI": 0.435978377648733
}