{
    "RRE": 0.15279467160449364,
    "ACC": 0.8875,
    "NMI": 0.9533119920667593
}