{
    "RRE": 0.21114800870418549,
    "ACC": 0.305327868852459,
    "NMI": 0.4341095496608761
}