{"RRE": {"mu": 0.16219137742116674, "sd": 0.00259149810996538}, "ACC": {"mu": 0.8300000000000001, "sd": 0.024494897427831803}, "NMI": {"mu": 0.9242787796564291, "sd": 0.0116281842359984}}