{
    "RRE": 0.1770275980234146,
    "ACC": 0.85,
    "NMI": 0.9366065312902576
}