{
    "RRE": 0.21064823865890503,
    "ACC": 0.29958677685950413,
    "NMI": 0.40978319980717265
}