{
    "RRE": 0.2159708934678623,
    "ACC": 0.29338842975206614,
    "NMI": 0.40015519161812463
}