{
    "RRE": 0.2139119200803342,
    "ACC": 0.2786885245901639,
    "NMI": 0.42588177907728
}