{
    "RRE": 0.20489619672298431,
    "ACC": 0.29918032786885246,
    "NMI": 0.4210184393805798
}