{"RRE": {"mu": 0.15841189796888913, "sd": 0.002638477769519608}, "ACC": {"mu": 0.8324999999999999, "sd": 0.028062430400804573}, "NMI": {"mu": 0.9248979250074889, "sd": 0.009800714681988865}}