{
    "RRE": 0.21102804056712016,
    "ACC": 0.3243801652892562,
    "NMI": 0.4620153852768412
}