{
    "RRE": 0.26043328642845154,
    "ACC": 0.24795081967213115,
    "NMI": 0.3987022681264056
}