{
    "RRE": 0.2139168679714203,
    "ACC": 0.30785123966942146,
    "NMI": 0.4239824378779583
}