{"RRE": {"mu": 0.20874719321727753, "sd": 0.0020388737320899963}, "ACC": {"mu": 0.3044709388971684, "sd": 0.012629119336407063}, "NMI": {"mu": 0.42468498465959403, "sd": 0.014719780401212926}}