{
    "RRE": 0.19663271307945251,
    "ACC": 0.7625,
    "NMI": 0.8946338390818382
}