{
    "RRE": 0.15145991382043453,
    "ACC": 0.825,
    "NMI": 0.9242599472427346
}