{
    "RRE": 0.2105928361415863,
    "ACC": 0.3114754098360656,
    "NMI": 0.4185453217430872
}