{"RRE": {"mu": 0.1699794977903366, "sd": 0.002695674542337656}, "ACC": {"mu": 0.8000000000000002, "sd": 0.017677669529663674}, "NMI": {"mu": 0.9092334365600667, "sd": 0.013803477302431994}}