{
    "RRE": 0.15801331666022667,
    "ACC": 0.8375,
    "NMI": 0.929742600523923
}