{
    "RRE": 0.16006551885657122,
    "ACC": 0.875,
    "NMI": 0.9481677958245255
}