{"RRE": {"mu": 0.22420442359089718, "sd": 0.002285944437347152}, "ACC": {"mu": 0.29951564828614013, "sd": 0.0063383964812262356}, "NMI": {"mu": 0.4295729725692247, "sd": 0.01189857254803294}}