{"RRE": {"mu": 0.17509286105632782, "sd": 0.00238171243108809}, "ACC": {"mu": 0.7975, "sd": 0.02893959225697557}, "NMI": {"mu": 0.9051675259923565, "sd": 0.01879164713472684}}