{
    "RRE": 0.21668808122516814,
    "ACC": 0.29338842975206614,
    "NMI": 0.4204421801827188
}