{
    "RRE": 0.20680890403690727,
    "ACC": 0.3012295081967213,
    "NMI": 0.4262384248254911
}