{"RRE": {"mu": 0.2104150126104923, "sd": 0.0023212977859780174}, "ACC": {"mu": 0.31807681885923317, "sd": 0.008817645726389453}, "NMI": {"mu": 0.4401620683158585, "sd": 0.018042426188264016}}