{
    "RRE": 0.15695720855340434,
    "ACC": 0.825,
    "NMI": 0.921553762079626
}