{"RRE": {"mu": 0.23665189743041992, "sd": 0.0021209241822361946}, "ACC": {"mu": 0.28052093212301854, "sd": 0.00896810455888045}, "NMI": {"mu": 0.4005617658710439, "sd": 0.015916435031855164}}