{
    "RRE": 0.21601182222366333,
    "ACC": 0.27892561983471076,
    "NMI": 0.4009277617786404
}