{
    "RRE": 0.15957935338066542,
    "ACC": 0.85,
    "NMI": 0.9260446667169587
}