{
    "RRE": 0.14969227744867095,
    "ACC": 0.8875,
    "NMI": 0.9540878711511384
}