{
    "RRE": 0.2187318205833435,
    "ACC": 0.3119834710743802,
    "NMI": 0.4179007139730242
}