{
    "RRE": 0.2185034369287643,
    "ACC": 0.26859504132231404,
    "NMI": 0.3883787219451253
}