{
    "RRE": 0.20854836702346802,
    "ACC": 0.30165289256198347,
    "NMI": 0.41778579275910377
}