{
    "RRE": 0.2146030217409134,
    "ACC": 0.3202479338842975,
    "NMI": 0.4175319677963075
}