{
    "RRE": 0.17273607346970005,
    "ACC": 0.7875,
    "NMI": 0.9146097276290471
}