{
    "RRE": 0.2157367735421333,
    "ACC": 0.29958677685950413,
    "NMI": 0.41334209140677
}