{
    "RRE": 0.18373462557792664,
    "ACC": 0.8125,
    "NMI": 0.916737722727006
}