{
    "RRE": 0.16353699564933777,
    "ACC": 0.8375,
    "NMI": 0.924179748651109
}