{
    "RRE": 0.21706553257833971,
    "ACC": 0.30578512396694213,
    "NMI": 0.42808606847421576
}