{
    "RRE": 0.1715724915266037,
    "ACC": 0.8,
    "NMI": 0.913705698824178
}