{
    "RRE": 0.2536484897136688,
    "ACC": 0.2706611570247934,
    "NMI": 0.38558310972343174
}