{
    "RRE": 0.1703554391860962,
    "ACC": 0.7625,
    "NMI": 0.8958669893450969
}