{
    "RRE": 0.15037117652849585,
    "ACC": 0.7625,
    "NMI": 0.8993858327569679
}