{
    "RRE": 0.210119891313582,
    "ACC": 0.3285123966942149,
    "NMI": 0.47158452915448806
}