{"RRE": {"mu": 0.20950126603460886, "sd": 0.0033676204239346317}, "ACC": {"mu": 0.3143882942690692, "sd": 0.017486323343694876}, "NMI": {"mu": 0.4473177221663847, "sd": 0.022143164209778715}}