{
    "RRE": 0.18243589997291565,
    "ACC": 0.775,
    "NMI": 0.8968756708294252
}