{
    "RRE": 0.2288312017917633,
    "ACC": 0.3037190082644628,
    "NMI": 0.41235049343836044
}