{
    "RRE": 0.2126669880336588,
    "ACC": 0.30578512396694213,
    "NMI": 0.4299229925599972
}