{
    "RRE": 0.1697649359703064,
    "ACC": 0.8,
    "NMI": 0.9082494432736582
}