{
    "RRE": 0.21112201531500616,
    "ACC": 0.3037190082644628,
    "NMI": 0.43353021231205113
}