{
    "RRE": 0.2069083177005197,
    "ACC": 0.3037190082644628,
    "NMI": 0.4351256493084219
}