{
    "RRE": 0.21667085587978363,
    "ACC": 0.3181818181818182,
    "NMI": 0.4297683967657578
}