{
    "RRE": 0.15324472101351874,
    "ACC": 0.8875,
    "NMI": 0.9526742606015614
}