{"RRE": {"mu": 0.21035543682629715, "sd": 0.003492387356300847}, "ACC": {"mu": 0.30242853271914377, "sd": 0.013382608626766991}, "NMI": {"mu": 0.43238544280287766, "sd": 0.02892543447039614}}