{
    "RRE": 0.2148883073538787,
    "ACC": 0.3119834710743802,
    "NMI": 0.4429914539960434
}