{
    "RRE": 0.20939767822102962,
    "ACC": 0.29958677685950413,
    "NMI": 0.43519804408331797
}