{
    "RRE": 0.22154657559283303,
    "ACC": 0.30165289256198347,
    "NMI": 0.42361349057391035
}