{"RRE": {"mu": 0.21287442258910416, "sd": 0.0025932671077516308}, "ACC": {"mu": 0.2891647473242108, "sd": 0.014269612787166194}, "NMI": {"mu": 0.42093720078649816, "sd": 0.018852785146729997}}