{
    "RRE": 0.15382208960307073,
    "ACC": 0.825,
    "NMI": 0.9149173332747907
}