{
    "RRE": 0.16439870197343476,
    "ACC": 0.8,
    "NMI": 0.9177614277828352
}