{
    "RRE": 0.15096121753396122,
    "ACC": 0.8875,
    "NMI": 0.9533950022666032
}