{
    "RRE": 0.21752742240095924,
    "ACC": 0.2727272727272727,
    "NMI": 0.39570212825918843
}