{
    "RRE": 0.1524747238289921,
    "ACC": 0.8875,
    "NMI": 0.9479067301527427
}