{
    "RRE": 0.2071269195418723,
    "ACC": 0.32644628099173556,
    "NMI": 0.4345542736051359
}