{
    "RRE": 0.21508135615490723,
    "ACC": 0.29132231404958675,
    "NMI": 0.42137853577337875
}