{
    "RRE": 0.1716391146183014,
    "ACC": 0.775,
    "NMI": 0.9071061710440357
}