{
    "RRE": 0.2230745645232308,
    "ACC": 0.29132231404958675,
    "NMI": 0.4061942138001752
}