{
    "RRE": 0.1693774298012731,
    "ACC": 0.8,
    "NMI": 0.9066250390629944
}