{"RRE": {"mu": 0.22442643344402313, "sd": 0.002428078558295965}, "ACC": {"mu": 0.2941471345346159, "sd": 0.005519315233314803}, "NMI": {"mu": 0.40896637488934146, "sd": 0.010495216806881584}}