{
    "RRE": 0.21781001320922272,
    "ACC": 0.27892561983471076,
    "NMI": 0.4098802488267625
}