{
    "RRE": 0.2536833882331848,
    "ACC": 0.27479338842975204,
    "NMI": 0.40962201613524146
}