{
    "RRE": 0.22666947543621063,
    "ACC": 0.29958677685950413,
    "NMI": 0.4061024984601183
}