{
    "RRE": 0.21171949554352623,
    "ACC": 0.30165289256198347,
    "NMI": 0.4246813565012733
}