{
    "RRE": 0.21201800471652432,
    "ACC": 0.30165289256198347,
    "NMI": 0.4212386683681414
}