{"RRE": {"mu": 0.15148702425256075, "sd": 0.002711121267285462}, "ACC": {"mu": 0.845, "sd": 0.032210246816812796}, "NMI": {"mu": 0.9307577079571494, "sd": 0.016693221296279998}}