{
    "RRE": 0.15872355261235477,
    "ACC": 0.8,
    "NMI": 0.9055297853366167
}