{
    "RRE": 0.16231833837746987,
    "ACC": 0.8125,
    "NMI": 0.9219734055095372
}