{
    "RRE": 0.17115364968776703,
    "ACC": 0.725,
    "NMI": 0.860201094388586
}