{
    "RRE": 0.16202835738658905,
    "ACC": 0.8375,
    "NMI": 0.931035535036119
}