{"RRE": {"mu": 0.21570890339276522, "sd": 0.0025909698108702505}, "ACC": {"mu": 0.30156482861400896, "sd": 0.00893986585076434}, "NMI": {"mu": 0.4169989169919708, "sd": 0.004377817774543592}}