{
    "RRE": 0.22850248217582703,
    "ACC": 0.31611570247933884,
    "NMI": 0.4311750914715026
}