{"RRE": {"mu": 0.15246812534019327, "sd": 0.0028022253540540758}, "ACC": {"mu": 0.8525, "sd": 0.03102418411497713}, "NMI": {"mu": 0.9374086562590171, "sd": 0.014957237583124379}}