{
    "RRE": 0.1535368710756302,
    "ACC": 0.775,
    "NMI": 0.8890009334857111
}