{
    "RRE": 0.21633971192446738,
    "ACC": 0.3347107438016529,
    "NMI": 0.4625079915707604
}