{"RRE": {"mu": 0.17007015645503998, "sd": 0.00254481821320951}, "ACC": {"mu": 0.7575000000000001, "sd": 0.018708286933869722}, "NMI": {"mu": 0.8825482663123557, "sd": 0.015773717014951342}}