{
    "RRE": 0.15259352416843833,
    "ACC": 0.85,
    "NMI": 0.93646649993058
}