{
    "RRE": 0.1718233242299448,
    "ACC": 0.8,
    "NMI": 0.9189358752803314
}