{"RRE": {"mu": 0.150999407908166, "sd": 0.0014762173230457088}, "ACC": {"mu": 0.8025, "sd": 0.02549509756796391}, "NMI": {"mu": 0.9116159086285647, "sd": 0.015683269204413777}}