{
    "RRE": 0.15235609541474956,
    "ACC": 0.775,
    "NMI": 0.8880439637366127
}