{
    "RRE": 0.22194789885066443,
    "ACC": 0.3119834710743802,
    "NMI": 0.4434733186244038
}