{
    "RRE": 0.22970250248908997,
    "ACC": 0.2830578512396694,
    "NMI": 0.4009494668295875
}