{
    "RRE": 0.15709160635635122,
    "ACC": 0.7875,
    "NMI": 0.9022389151632177
}