{
    "RRE": 0.21003594994544983,
    "ACC": 0.2768595041322314,
    "NMI": 0.4207774560646906
}