{
    "RRE": 0.14982347414654212,
    "ACC": 0.8625,
    "NMI": 0.9464805053936407
}