{
    "RRE": 0.16018487513065338,
    "ACC": 0.775,
    "NMI": 0.896283723451859
}