{"RRE": {"mu": 0.1820034235715866, "sd": 0.0026921830140054226}, "ACC": {"mu": 0.8, "sd": 0.013693063937629145}, "NMI": {"mu": 0.9098892142200266, "sd": 0.007128159206523392}}