{
    "RRE": 0.16253521896179388,
    "ACC": 0.8375,
    "NMI": 0.9257390049759894
}