{"RRE": {"mu": 0.2154408098326001, "sd": 0.0023718888016171563}, "ACC": {"mu": 0.3098360655737705, "sd": 0.00942285460823053}, "NMI": {"mu": 0.4330281384357376, "sd": 0.013867028236270743}}