{
    "RRE": 0.19320888817310333,
    "ACC": 0.8,
    "NMI": 0.9102674272158375
}