{"RRE": {"mu": 0.20913308896818292, "sd": 0.003466773242962304}, "ACC": {"mu": 0.3024285327191437, "sd": 0.015565119924963228}, "NMI": {"mu": 0.4339023853969201, "sd": 0.027039141880287564}}