{"RRE": {"mu": 0.21543097862695104, "sd": 0.002395023872270001}, "ACC": {"mu": 0.31272185340739733, "sd": 0.005628923144104961}, "NMI": {"mu": 0.43661752969173734, "sd": 0.00797867503191376}}