{
    "RRE": 0.1519453078508377,
    "ACC": 0.8125,
    "NMI": 0.9123079563476741
}