{
    "RRE": 0.15867012739181519,
    "ACC": 0.8375,
    "NMI": 0.9313919808810035
}