{
    "RRE": 0.2091139427901935,
    "ACC": 0.30578512396694213,
    "NMI": 0.4562046116421931
}