{
    "RRE": 0.15917909145355225,
    "ACC": 0.8,
    "NMI": 0.908217193093276
}