{
    "RRE": 0.1547370075243804,
    "ACC": 0.8,
    "NMI": 0.9109327412378887
}