{
    "RRE": 0.1850329041481018,
    "ACC": 0.8,
    "NMI": 0.9093847016740502
}