{"RRE": {"mu": 0.20917102683572097, "sd": 0.002395042209636862}, "ACC": {"mu": 0.30818994716163123, "sd": 0.01446464215330306}, "NMI": {"mu": 0.43110314392288196, "sd": 0.014239760870947353}}