{
    "RRE": 0.1697452962398529,
    "ACC": 0.8,
    "NMI": 0.9157316433565825
}