{
    "RRE": 0.1671928103163531,
    "ACC": 0.7875,
    "NMI": 0.9096341343726375
}