{"RRE": {"mu": 0.20961485112718478, "sd": 0.0034656118450238807}, "ACC": {"mu": 0.3123391139412004, "sd": 0.02507577175814457}, "NMI": {"mu": 0.4361222308424669, "sd": 0.02486198671344933}}