{
    "RRE": 0.2082367447743072,
    "ACC": 0.3512396694214876,
    "NMI": 0.46922564118680576
}