{
    "RRE": 0.17622938752174377,
    "ACC": 0.7875,
    "NMI": 0.9007950499231372
}