{
    "RRE": 0.21919436752796173,
    "ACC": 0.2892561983471074,
    "NMI": 0.3934966567369497
}