{
    "RRE": 0.22007893025875092,
    "ACC": 0.2892561983471074,
    "NMI": 0.4228446197869937
}