{
    "RRE": 0.1665160357952118,
    "ACC": 0.8,
    "NMI": 0.9053028791535428
}