{
    "RRE": 0.15725042317781399,
    "ACC": 0.8625,
    "NMI": 0.9363413908574119
}