{
    "RRE": 0.1855187565088272,
    "ACC": 0.8125,
    "NMI": 0.9139003819048006
}