{"RRE": {"mu": 0.21609929141083697, "sd": 0.002882305862601301}, "ACC": {"mu": 0.30406787698143883, "sd": 0.020181668136947346}, "NMI": {"mu": 0.43175559068477964, "sd": 0.020238426080889174}}