{
    "RRE": 0.14638976012459542,
    "ACC": 0.8,
    "NMI": 0.9097297174005685
}