{"RRE": {"mu": 0.21072884394619323, "sd": 0.0033783584521477066}, "ACC": {"mu": 0.3057004470938897, "sd": 0.015649466439867355}, "NMI": {"mu": 0.43157394906783964, "sd": 0.030110550152411254}}