{
    "RRE": 0.1533830960252706,
    "ACC": 0.825,
    "NMI": 0.9190800081455874
}