{"RRE": {"mu": 0.19331297278404236, "sd": 0.0033283252269029617}, "ACC": {"mu": 0.7899999999999998, "sd": 0.02423839928708164}, "NMI": {"mu": 0.9057580107209746, "sd": 0.008832802619449449}}