{
    "RRE": 0.22079935702812623,
    "ACC": 0.29132231404958675,
    "NMI": 0.42122478121379764
}