{
    "RRE": 0.20989324152469635,
    "ACC": 0.29338842975206614,
    "NMI": 0.3979121226576817
}