{
    "RRE": 0.22246148356397205,
    "ACC": 0.29132231404958675,
    "NMI": 0.4155469558595849
}