{
    "RRE": 0.1569193409882471,
    "ACC": 0.85,
    "NMI": 0.9385312657334481
}