{
    "RRE": 0.18388530611991882,
    "ACC": 0.8,
    "NMI": 0.9193271970750762
}