{"RRE": {"mu": 0.25296682119369507, "sd": 0.0015012993244454265}, "ACC": {"mu": 0.2834067199566454, "sd": 0.00923751398957201}, "NMI": {"mu": 0.40329467979730393, "sd": 0.009263292300362588}}