{
    "RRE": 0.15594646339056484,
    "ACC": 0.8625,
    "NMI": 0.9435260752039358
}