{
    "RRE": 0.21515550847124687,
    "ACC": 0.29132231404958675,
    "NMI": 0.413222675451637
}