{"RRE": {"mu": 0.155974284190212, "sd": 0.0011318611364352388}, "ACC": {"mu": 0.8099999999999999, "sd": 0.03000000000000002}, "NMI": {"mu": 0.9161067889173381, "sd": 0.013631006196109493}}