{
    "RRE": 0.21335482597351074,
    "ACC": 0.28512396694214875,
    "NMI": 0.40774166115938926
}