{
    "RRE": 0.16041068732738495,
    "ACC": 0.825,
    "NMI": 0.922212919941326
}