{
    "RRE": 0.2090103193293576,
    "ACC": 0.31611570247933884,
    "NMI": 0.4711651378686274
}