{
    "RRE": 0.17621438205242157,
    "ACC": 0.7875,
    "NMI": 0.9061873040111854
}