{
    "RRE": 0.2067400107862411,
    "ACC": 0.30785123966942146,
    "NMI": 0.45163920639585375
}