{
    "RRE": 0.22028271853923798,
    "ACC": 0.2830578512396694,
    "NMI": 0.40106244474373903
}