{
    "RRE": 0.2118194930066863,
    "ACC": 0.3119834710743802,
    "NMI": 0.4181715197332188
}