{
    "RRE": 0.15310881372855514,
    "ACC": 0.8625,
    "NMI": 0.9389780211437362
}