{"RRE": {"mu": 0.2277706414461136, "sd": 0.0018198750913143158}, "ACC": {"mu": 0.3015817639886194, "sd": 0.016461659420106373}, "NMI": {"mu": 0.4212707977550291, "sd": 0.007488688902587643}}