{
    "RRE": 0.15678867811822692,
    "ACC": 0.8,
    "NMI": 0.9177777749955609
}