{
    "RRE": 0.166403871890536,
    "ACC": 0.875,
    "NMI": 0.9482274518150294
}