{"RRE": {"mu": 0.18336114287376404, "sd": 0.002543835435062647}, "ACC": {"mu": 0.805, "sd": 0.020310096011589895}, "NMI": {"mu": 0.9134308807318016, "sd": 0.01008519989923943}}