{
    "RRE": 0.15906527758800976,
    "ACC": 0.775,
    "NMI": 0.8979004215100402
}