{
    "RRE": 0.2122388631105423,
    "ACC": 0.2848360655737705,
    "NMI": 0.42964481973129187
}