{
    "RRE": 0.2280503809452057,
    "ACC": 0.27892561983471076,
    "NMI": 0.4104842347026907
}