{
    "RRE": 0.21192277116201405,
    "ACC": 0.3181818181818182,
    "NMI": 0.43617517453461613
}