{
    "RRE": 0.21860150119054808,
    "ACC": 0.2830578512396694,
    "NMI": 0.4064612691105986
}