{
    "RRE": 0.21513620018959045,
    "ACC": 0.29958677685950413,
    "NMI": 0.43152897713134664
}