{
    "RRE": 0.1758088767528534,
    "ACC": 0.8,
    "NMI": 0.9006268107535668
}