{
    "RRE": 0.1512577788300839,
    "ACC": 0.7875,
    "NMI": 0.8958038413449927
}