{
    "RRE": {
        "mu": 0.2526736855506897,
        "sd": 0.0016392412362620234
    },
    "ACC": {
        "mu": 0.29247391952309987,
        "sd": 0.008515540168927227
    },
    "NMI": {
        "mu": 0.4194382684149264,
        "sd": 0.01541674681312248
    }
}