{
    "RRE": 0.15156313742522068,
    "ACC": 0.7875,
    "NMI": 0.9027670179559939
}