{
    "RRE": 0.21739844977855682,
    "ACC": 0.29338842975206614,
    "NMI": 0.42418513371550476
}