{
    "RRE": 0.2174476683139801,
    "ACC": 0.2871900826446281,
    "NMI": 0.4095522780731049
}