{
    "RRE": 0.21693488885514675,
    "ACC": 0.30327868852459017,
    "NMI": 0.4210280167110893
}