{
    "RRE": 0.15030796798026475,
    "ACC": 0.8,
    "NMI": 0.9077307488311502
}