{
    "RRE": 0.1563432216644287,
    "ACC": 0.7625,
    "NMI": 0.8954489066900503
}