{
    "RRE": 0.20943099681708713,
    "ACC": 0.34297520661157027,
    "NMI": 0.4732469696219154
}