{
    "RRE": 0.23087696731090546,
    "ACC": 0.2871900826446281,
    "NMI": 0.4092443995172797
}