{
    "RRE": 0.1578777197638622,
    "ACC": 0.7875,
    "NMI": 0.9038731765916878
}