{"RRE": {"mu": 0.18123166263103485, "sd": 0.002649971516802907}, "ACC": {"mu": 0.7949999999999999, "sd": 0.016955824957813156}, "NMI": {"mu": 0.907046533852356, "sd": 0.009971376326758118}}