{
    "RRE": 0.2100751365936247,
    "ACC": 0.32231404958677684,
    "NMI": 0.45827467995483423
}