{"RRE": {"mu": 0.2079133242368698, "sd": 0.0018817851087078452}, "ACC": {"mu": 0.29785259449939033, "sd": 0.002996395696025333}, "NMI": {"mu": 0.4182350889039708, "sd": 0.006679995605559948}}