{
    "RRE": 0.1747116763989479,
    "ACC": 0.8125,
    "NMI": 0.9033823322826183
}