{
    "RRE": 0.17201049625873566,
    "ACC": 0.8125,
    "NMI": 0.9185339218861582
}