{
    "RRE": 0.2141028072155448,
    "ACC": 0.2975206611570248,
    "NMI": 0.4241834772345034
}