{
    "RRE": 0.21583205461502075,
    "ACC": 0.3037190082644628,
    "NMI": 0.4367709756927184
}