{
    "RRE": 0.21034966576665634,
    "ACC": 0.29545454545454547,
    "NMI": 0.42526522388113436
}