{
    "RRE": 0.2520408630371094,
    "ACC": 0.27892561983471076,
    "NMI": 0.42985676701577785
}