{
    "RRE": 0.21873167157173157,
    "ACC": 0.2975206611570248,
    "NMI": 0.39079850462143195
}