{
    "RRE": 0.15798345737565708,
    "ACC": 0.8625,
    "NMI": 0.9358701125892007
}