{
    "RRE": 0.15444627935599023,
    "ACC": 0.8125,
    "NMI": 0.9141237329469394
}