{
    "RRE": 0.16945140063762665,
    "ACC": 0.775,
    "NMI": 0.8932818797860672
}