{
    "RRE": 0.21603837530831607,
    "ACC": 0.28512396694214875,
    "NMI": 0.40086828318934337
}