{
    "RRE": 0.17604996263980865,
    "ACC": 0.825,
    "NMI": 0.9154290134848043
}