{
    "RRE": 0.15552253814076342,
    "ACC": 0.85,
    "NMI": 0.9430945843390148
}