{
    "RRE": 0.20804669749990917,
    "ACC": 0.33264462809917356,
    "NMI": 0.47062458917797373
}