{
    "RRE": 0.2138223390098814,
    "ACC": 0.305327868852459,
    "NMI": 0.42916990021890616
}