{
    "RRE": 0.227678030616573,
    "ACC": 0.3202479338842975,
    "NMI": 0.4342979550922391
}