{
    "RRE": 0.2209074622624402,
    "ACC": 0.3037190082644628,
    "NMI": 0.4346924970380934
}