{
    "RRE": 0.1534959226846695,
    "ACC": 0.8125,
    "NMI": 0.9078126950926619
}