{
    "RRE": 0.21515983426444785,
    "ACC": 0.2975206611570248,
    "NMI": 0.4115884270433723
}