{
    "RRE": 0.21418674324932607,
    "ACC": 0.29338842975206614,
    "NMI": 0.4062783319501181
}