{"RRE": {"mu": 0.15706466138362885, "sd": 0.0019977327901870012}, "ACC": {"mu": 0.8074999999999999, "sd": 0.02915475947422648}, "NMI": {"mu": 0.9122104084127294, "sd": 0.013200613377177407}}