{
    "RRE": 0.21349097788333893,
    "ACC": 0.27892561983471076,
    "NMI": 0.41377494936921727
}