{
    "RRE": 0.1574573516845703,
    "ACC": 0.7375,
    "NMI": 0.8655693334566191
}