{
    "RRE": 0.15231892440835257,
    "ACC": 0.8,
    "NMI": 0.898009510361543
}