{
    "RRE": 0.15835009515285492,
    "ACC": 0.75,
    "NMI": 0.878899399894736
}