{
    "RRE": 0.2215956598520279,
    "ACC": 0.2830578512396694,
    "NMI": 0.43369070518030783
}