{"RRE": {"mu": 0.1526925192158111, "sd": 0.0012826635334128398}, "ACC": {"mu": 0.82, "sd": 0.04301162633521314}, "NMI": {"mu": 0.9181846729483828, "sd": 0.02185280363246385}}