{
    "RRE": 0.2107477717837712,
    "ACC": 0.30578512396694213,
    "NMI": 0.4194252939644154
}