{
    "RRE": 0.21340380313111917,
    "ACC": 0.2871900826446281,
    "NMI": 0.4010766993809253
}