{
    "RRE": 0.20543050266847182,
    "ACC": 0.2807377049180328,
    "NMI": 0.4063048255889607
}