{
    "RRE": 0.15722713844213101,
    "ACC": 0.7875,
    "NMI": 0.9104230972870426
}