{
    "RRE": 0.2055423765349762,
    "ACC": 0.3305785123966942,
    "NMI": 0.4551016535274636
}