{
    "RRE": 0.20963913236575993,
    "ACC": 0.30165289256198347,
    "NMI": 0.45575067435479044
}