{
    "RRE": 0.17432777442504868,
    "ACC": 0.7875,
    "NMI": 0.8991679554591238
}