{
    "RRE": 0.21328530564197298,
    "ACC": 0.30165289256198347,
    "NMI": 0.42540952414518757
}