{"RRE": {"mu": 0.15853609144687653, "sd": 0.0024297372438013554}, "ACC": {"mu": 0.8125, "sd": 0.013693063937629145}, "NMI": {"mu": 0.9157542730830155, "sd": 0.009376269099698024}}