{
    "RRE": 0.15084944504861444,
    "ACC": 0.7875,
    "NMI": 0.9104187970400435
}