{
    "RRE": 0.17721617221832275,
    "ACC": 0.75,
    "NMI": 0.8843180869472821
}