{
    "RRE": 0.18291079998016357,
    "ACC": 0.7875,
    "NMI": 0.8990703636327043
}