{
    "RRE": 0.15465825673950032,
    "ACC": 0.8125,
    "NMI": 0.9048190664789847
}