{"RRE": {"mu": 0.21744665503501892, "sd": 0.0020174516830593348}, "ACC": {"mu": 0.2982387210405094, "sd": 0.009723640265180801}, "NMI": {"mu": 0.41586194970199, "sd": 0.008759181010660639}}