{"RRE": {"mu": 0.158103529889235, "sd": 0.0010109829330584537}, "ACC": {"mu": 0.7925000000000001, "sd": 0.03588175023601831}, "NMI": {"mu": 0.9075294648375583, "sd": 0.01852460179476799}}