{
    "RRE": 0.1558960144912148,
    "ACC": 0.7875,
    "NMI": 0.9118484632360624
}