{
    "RRE": 0.15703034687692283,
    "ACC": 0.7875,
    "NMI": 0.9099577123671353
}