{
    "RRE": 0.15638205797791108,
    "ACC": 0.85,
    "NMI": 0.9347055498563843
}