{
    "RRE": 0.1529172436854305,
    "ACC": 0.875,
    "NMI": 0.9455858485937654
}