{
    "RRE": 0.20925638016421919,
    "ACC": 0.3037190082644628,
    "NMI": 0.42888279061381385
}