{
    "RRE": 0.21323642134666443,
    "ACC": 0.29958677685950413,
    "NMI": 0.40965271430289696
}