{
    "RRE": 0.21248653352906677,
    "ACC": 0.27459016393442626,
    "NMI": 0.3878917447952209
}