{
    "RRE": 0.20371842557487715,
    "ACC": 0.2930327868852459,
    "NMI": 0.4165343771365078
}