{
    "RRE": 0.2634935975074768,
    "ACC": 0.2706611570247934,
    "NMI": 0.38868114369962836
}