{
    "RRE": 0.20745498388009515,
    "ACC": 0.28688524590163933,
    "NMI": 0.4218873192431608
}