{
    "RRE": 0.14808109420213655,
    "ACC": 0.8,
    "NMI": 0.9064476532841438
}