{
    "RRE": 0.22511740895253987,
    "ACC": 0.2930327868852459,
    "NMI": 0.4153766430961638
}