{
    "RRE": 0.1874713897705078,
    "ACC": 0.8125,
    "NMI": 0.912422461373889
}