{
    "RRE": 0.20653421594029361,
    "ACC": 0.30991735537190085,
    "NMI": 0.4473450659350635
}