{
    "RRE": 0.17252884805202484,
    "ACC": 0.8,
    "NMI": 0.9117059806423998
}