{
    "RRE": 0.1585412174463272,
    "ACC": 0.8375,
    "NMI": 0.9238520143354148
}