{
    "RRE": 0.2306802123785019,
    "ACC": 0.3037190082644628,
    "NMI": 0.44323210615937675
}