{"RRE": {"mu": 0.2129478272512218, "sd": 0.0026188698594756484}, "ACC": {"mu": 0.30075870478254974, "sd": 0.005896919812310877}, "NMI": {"mu": 0.422690493951671, "sd": 0.01502089706079986}}