{
    "RRE": 0.1653260588645935,
    "ACC": 0.75,
    "NMI": 0.8737818584133145
}