{
    "RRE": 0.21552024559515884,
    "ACC": 0.29132231404958675,
    "NMI": 0.39805631017543525
}