{
    "RRE": 0.15432500489947557,
    "ACC": 0.8125,
    "NMI": 0.9209232479963634
}