{"RRE": {"mu": 0.16055308282375336, "sd": 0.0024412409402430058}, "ACC": {"mu": 0.8075000000000001, "sd": 0.03221024681681283}, "NMI": {"mu": 0.9141600087454089, "sd": 0.015347357693338597}}