{
    "RRE": 0.16460129332457568,
    "ACC": 0.85,
    "NMI": 0.936484968315025
}