{
    "RRE": 0.2134624512623661,
    "ACC": 0.2871900826446281,
    "NMI": 0.4260678214553312
}