{
    "RRE": 0.15442328287026597,
    "ACC": 0.8375,
    "NMI": 0.9313656422611978
}