{
    "RRE": 0.16218579597698723,
    "ACC": 0.8125,
    "NMI": 0.9025403884466627
}