{
    "RRE": 0.16088089723359877,
    "ACC": 0.8625,
    "NMI": 0.9547589105435208
}