{
    "RRE": 0.21059250383858735,
    "ACC": 0.3037190082644628,
    "NMI": 0.4344901294295492
}