{
    "RRE": 0.1701430231332779,
    "ACC": 0.8625,
    "NMI": 0.9423097543715535
}