{
    "RRE": 0.2388673722743988,
    "ACC": 0.27892561983471076,
    "NMI": 0.41480343950296067
}