{
    "RRE": 0.15736173028511957,
    "ACC": 0.825,
    "NMI": 0.91762933300628
}