{
    "RRE": 0.22438831627368927,
    "ACC": 0.2871900826446281,
    "NMI": 0.4047226991042072
}