{
    "RRE": 0.21798163026683065,
    "ACC": 0.2768595041322314,
    "NMI": 0.42639261439232157
}