{"RRE": {"mu": 0.2159382402896881, "sd": 0.002075050724670291}, "ACC": {"mu": 0.2987027503048368, "sd": 0.013923071526684715}, "NMI": {"mu": 0.42266782489004556, "sd": 0.016803425140118646}}