{
    "RRE": 0.21079626121234749,
    "ACC": 0.3119834710743802,
    "NMI": 0.4299735325468237
}