{
    "RRE": 0.2195269614458084,
    "ACC": 0.29132231404958675,
    "NMI": 0.4086047658496267
}