{
    "RRE": 0.21074306964874268,
    "ACC": 0.3285123966942149,
    "NMI": 0.4321893296161492
}