{
    "RRE": 0.15312122366287118,
    "ACC": 0.7625,
    "NMI": 0.8959662456374375
}