{
    "RRE": 0.15973103986605353,
    "ACC": 0.825,
    "NMI": 0.9174382485870125
}