{
    "RRE": 0.21147826738790113,
    "ACC": 0.29508196721311475,
    "NMI": 0.4316382675442011
}