{
    "RRE": 0.21684655384398688,
    "ACC": 0.29545454545454547,
    "NMI": 0.4109064455244222
}