{
    "RRE": 0.20600797175421234,
    "ACC": 0.3450413223140496,
    "NMI": 0.4539512969492735
}