{"RRE": {"mu": 0.20908879459600094, "sd": 0.0034266720328765053}, "ACC": {"mu": 0.3069468906652216, "sd": 0.022001228991073908}, "NMI": {"mu": 0.43700112965815796, "sd": 0.02189582227118345}}