{
    "RRE": 0.1689001541016464,
    "ACC": 0.8625,
    "NMI": 0.9382507752529269
}