{
    "RRE": 0.2035808830494976,
    "ACC": 0.305327868852459,
    "NMI": 0.4179631348868381
}