{
    "RRE": 0.15456785556288075,
    "ACC": 0.85,
    "NMI": 0.938017043916779
}