{
    "RRE": 0.1474919617176056,
    "ACC": 0.8,
    "NMI": 0.9011509115138541
}