{
    "RRE": 0.15663958831781016,
    "ACC": 0.8375,
    "NMI": 0.922846020752247
}