{
    "RRE": 0.15152023974271225,
    "ACC": 0.8,
    "NMI": 0.9062191925776777
}