{
    "RRE": 0.16767412422914374,
    "ACC": 0.7625,
    "NMI": 0.9019343871046528
}