{
    "RRE": 0.21422405540943146,
    "ACC": 0.29958677685950413,
    "NMI": 0.40579824582272256
}