{
    "RRE": 0.15482293329880784,
    "ACC": 0.8625,
    "NMI": 0.9386084563231819
}