{
    "RRE": 0.23678727447986603,
    "ACC": 0.28512396694214875,
    "NMI": 0.3910020033071255
}