{
    "RRE": 0.2118258316262558,
    "ACC": 0.30991735537190085,
    "NMI": 0.44269341714485083
}