{
    "RRE": 0.15700043133519603,
    "ACC": 0.825,
    "NMI": 0.9240760570142431
}