{"RRE": {"mu": 0.22766201198101044, "sd": 0.0018285432597622275}, "ACC": {"mu": 0.2928769814388294, "sd": 0.014342678240230555}, "NMI": {"mu": 0.41589693218871293, "sd": 0.014513501582604392}}