{
    "RRE": 0.1953980028629303,
    "ACC": 0.7625,
    "NMI": 0.8902089718524366
}