{
    "RRE": 0.20840365608818984,
    "ACC": 0.29098360655737704,
    "NMI": 0.4317289371027231
}