{"RRE": {"mu": 0.15289094355881766, "sd": 0.0012485671330794816}, "ACC": {"mu": 0.8099999999999999, "sd": 0.049623583103198}, "NMI": {"mu": 0.9130339425433543, "sd": 0.02400088770445995}}