{
    "RRE": 0.21028127731513002,
    "ACC": 0.30578512396694213,
    "NMI": 0.41987760420399195
}