{"RRE": {"mu": 0.1541342105446446, "sd": 0.002707694056580267}, "ACC": {"mu": 0.8425, "sd": 0.021794494717703356}, "NMI": {"mu": 0.932943446720566, "sd": 0.009273777262881323}}