{
    "RRE": 0.19642668962478638,
    "ACC": 0.7625,
    "NMI": 0.9009272845366556
}