{
    "RRE": 0.1546748858722511,
    "ACC": 0.85,
    "NMI": 0.9407573773003275
}