{
    "RRE": 0.15311604752993932,
    "ACC": 0.8375,
    "NMI": 0.9209736580948945
}