{"RRE": {"mu": 0.15171125531196594, "sd": 0.0022882495541125536}, "ACC": {"mu": 0.8150000000000001, "sd": 0.014577379737113235}, "NMI": {"mu": 0.9172821791564436, "sd": 0.01085977846483591}}