{
    "RRE": 0.2142343521118164,
    "ACC": 0.30165289256198347,
    "NMI": 0.41304394137335776
}