{
    "RRE": 0.1720595359802246,
    "ACC": 0.825,
    "NMI": 0.9228817091684867
}